tour_id,tour_name,description,duration,price,image,location,average_rating
1,Central Vietnam Tour Package,Da Nang(3N) → Hoi An(2N),5 Nights / 6 Days,8175000,https://www.holidify.com/images/bgImages/SON-LA.jpg,Vietnam,3.9
2,4 Days Vietnam Journey Through Southern Ho Chi Minh – Cu Chi – Mekong Delta,Ho Chi Minh City(3N),3 Nights / 4 Days,11950000,https://www.holidify.com/images/bgImages/HO-CHI-MINH-CITY.jpg,Vietnam,3.5
3,7 Days Cultural and Scenic Journey Hanoi – Halong – Hue - Danang – Hoi An –Ba Na Hills,Hanoi(2N) →  Halong Bay(1N) →  Hue(1N) →  Danang(2N),6 Nights / 7 Days,10500000,https://media.holidify.com/images/cmsuploads/compressed/cacdiadiemdulichnoitiengodanangthuhutkhachdulichquanhnam1647251151_20241012090321.png,Vietnam,4.4
4,Vietnam Odyssey: Discover the Wonders of North and South,Hanoi(2N) → Halong Bay(1N) → Ho Chi Minh City(2N),5 Nights / 6 Days,10300000,https://media.holidify.com/images/cmsuploads/compressed/BnsaocaCuVngNng1_20241009172848.png,Vietnam,4.6
5,Vietnam Adventure Quest Package for 7 Days,Ho Chi Minh City(2N) → Da Nang(2N) → Hanoi(2N),6 Nights / 7 Days,12275000,https://www.holidify.com/images/cmsuploads/compressed/Asia_Cruise_Junk_in_Halong_bay_20190627125229.JPG,Vietnam,2.5
6,3 Days Cultural and Scenic Journey to Danang – Hoi An – Ba Na Hills,Hoi An(2N),2 Nights / 3 Days,6425000,https://www.holidify.com/images/cmsuploads/compressed/34578567324e19e410886k_20230210133920.jpg,Vietnam,3.1
7,6 Days Vietnam Journey Across Northern Wonders Package,Hanoi(4N) →  Sapa(1N),5 Nights / 6 Days,18275000,https://www.holidify.com/images/cmsuploads/compressed/30095210902_e3883f2a8a_b_20190129134017.jpg,Vietnam,4
8,Premium Epic Vietnam Tour,Hanoi(2N) → Halong Bay(1N) → Da Nang(2N)Ba Na Hills(1N) → Ho Chi Minh City(2N) → Phu Quoc Island(2N),10 Nights / 11 Days,26900000,https://media.holidify.com/images/cmsuploads/compressed/BnsaocaVinWondersPhQuc3_20241007152752.png,Vietnam,2.3
9,Vietnam & Cambodia: A Journey of Timeless Heritage and Unforgettable Adventures,Ho Chi Minh City(2N) → Da Nang(2N) → Hanoi(2N) → Halong Bay(1N) → Siem Reap(2N),9 Nights / 10 Days,25400000,https://media.holidify.com/images/cmsuploads/compressed/BnsaocaCuVngNng1_20241009102815.png,Vietnam,2.4
10,Vietnam Discovery: Unveil the Magic of 3 cities - Hanoi  Da Nang & Ho Chi Minh City,Hanoi(2N) → Da Nang(2N) → Ho Chi Minh City(2N),6 Nights / 7 Days,11025000,https://media.holidify.com/images/cmsuploads/compressed/BNHillNng2_20241007110855.png,Vietnam,3.4
11,10 Days Vietnam Journey Across Northern Wonders,Hanoi(4N) → Ninh Binh(2N) → Halong Bay(1N) →  Sapa(3N),9 Nights / 10 Days,30775000,https://media.holidify.com/images/cmsuploads/compressed/42_20241012071525.jpg,Vietnam,3.8
12,5 Days Cultural and Scenic Journey To Danang – Hoi An – Hue – Ba Na Hills,Danang(3N) →  Hue(1N),4 Nights / 5 Days,11875000,https://www.holidify.com/images/bgImages/HOI-AN.jpg,Vietnam,3.5
13,Vietnam Tour Package 4 Nights 5 Days,Hanoi(1N) →  Halong Bay(1N) →  Danang(2N),4 Nights / 5 Days,10600000,https://www.holidify.com/images/cmsuploads/compressed/shutterstock1045315189_20230531151827.jpg,Vietnam,3.1
14,Classic Vietnam Tour Package: Hanoi & Ho Chi Minh,Hanoi (3N) →  Ho Chi Min City (2N),5 Nights / 6 Days,16525000,https://www.holidify.com/images/cmsuploads/compressed/HanoiSkylineView_20190723161525.jpg,Vietnam,2.7
15,"Essential Vietnam Tour Package: Hanoi, Danang & More",Hanoi(2N) →  Danang(2N) →  Ho Chi Minh City(2N),6 Nights / 7 Days,13775000,https://www.holidify.com/images/cmsuploads/compressed/shutterstock_1035848284_20190909171709.png,Vietnam,2.9
16,Mesmerising Vietnam Honeymoon Tour including Halong Bay Cruise,Ho Chi Minh City(2N) →  Hanoi(1N) →  Halong Bay(1N),4 Nights / 5 Days,10450000,https://www.holidify.com/images/cmsuploads/compressed/love-gd0aac142b1920_20211019154759.jpg,Vietnam,4.7
17,Vietnam Highlights Tour Package: Must-See Sights & Experiences,Ho Chi Minh(2N) →  Hoi An(2N) →  Hanoi(1N) →  Halong Bay(2N),7 Nights / 8 Days,11300000,https://www.holidify.com/images/cmsuploads/compressed/hoi-an-6520902_960_720_20211018151208.jpg,Vietnam,2.4
18,Best of Vietnam Holiday Package Including Halong Bay Cruise,Hanoi(1N) →  Halong Bay(1N) →  Ho Chi Minh City(3N),5 Nights / 6 Days,16250000,https://www.holidify.com/images/cmsuploads/compressed/shutterstock_243530122(1)_20191118115126.png,Vietnam,3
19,Explore Vietnam Holiday Trip with Halong Bay Cruise,Hanoi(1N) →  Halong Bay(1N) →  Hue(1N) →  Hoi An(2N) →  Ho Chi Minh City(3N),8 Nights / 9 Days,20625000,https://www.holidify.com/images/cmsuploads/compressed/shutterstock1530495608_20230531141623.jpg,Vietnam,3.5
20,Vietnam Tour Package - 8 Nights 9 Days,Hanoi(1N) →  Ha Long Bay(1N) →  Ho Chi Minh(2N) →  Phu Quoc(4N),8 Nights / 9 Days,20875000,https://www.holidify.com/images/cmsuploads/compressed/shutterstock2009607749_20230531151332.jpg,Vietnam,3.1
21,Fabulous Vietnam Tour Package for 7 Days with Private Boat Cruise,Ho Chi Minh City(3N) →  Hanoi(2N) →  Halong Bay(1N),6 Nights / 7 Days,20350000,https://www.holidify.com/images/cmsuploads/compressed/shutterstock_1176107986_20190930110725.png,Vietnam,3.9
22,Ho Mihn City and Phu Quoc Island Tour Package,Ho Chi Mihn City(3N) →  Phu Quoc Island(3N),6 Nights / 7 Days,15550000,https://www.holidify.com/images/cmsuploads/compressed/pexels-photo-14013190_20231229105547.jpeg,Vietnam,4.3
23,Beautiful Hanoi and Danang Package With Day Trip to Hoi An,Hanoi(3N) →  Danang(2N),5 Nights / 6 Days,16825000,https://www.holidify.com/images/cmsuploads/compressed/Silhouette-Lovers-Hug-Hugging-Sunset-Couple-Beach-1854081_20220221131806.jpeg,Vietnam,5
24,Hoi An and Da Nang Holiday Package with Cycle Tour,Hoi An(2N) →  Da Nang(2N),4 Nights / 5 Days,11075000,https://www.holidify.com/images/cmsuploads/compressed/MaxPixel.net-Smoke-Old-Vietnam-Architecture-Hoi-An-6066063_20211207113759.jpg,Vietnam,3.6
25,Vietnam Itinerary 5 Days - Including Halong Bay Cruise,Hanoi(4N) →  Halong Bay(0N) →  Ninh Binh(0N),4 Nights / 5 Days,8900000,https://www.holidify.com/images/compressed/attractions/attr_2822.jpg,Vietnam,2.9
26,Super Saver Vietnam Package in Hanoi & Ho Chi Minh City,Hanoi(2N) →  Ninh Binh(0N) →  Ho Chi Minh City(3N),5 Nights / 6 Days,11150000,https://www.holidify.com/images/cmsuploads/compressed/HanoiSkylineView_20190723161525.jpg,Vietnam,4.5
27,7 Days Northern Vietnam Adventure: Sapa With Fansipan Mountain Tour,Hanoi(2N) →  Sapa(1N) →  Hanoi(1N) →  Halong Bay(1N) →  Hanoi(1N),6 Nights / 7 Days,19225000,https://www.holidify.com/images/cmsuploads/compressed/Fansipan-Mountain-Sapa-Clouds-Asia-Temple-Vietnam-4856316_20230228132339.jpeg,Vietnam,3.7
28,Mesmerising Vietnam Tour Package for 4 Nights: Free Cu Chi Tunnels,Ho Chi Minh City(2N) →  Hanoi(1N) →  Halong Bay(1N),4 Nights / 5 Days,12275000,https://www.holidify.com/images/cmsuploads/compressed/shutterstock_690459592_20190910135749.jpg,Vietnam,2.1
29,Couple Special Vietnam Honeymoon Package: With Ba Na Hills Tickets,Hanoi (2N) →  Danang (2N) →  Ho Chi Minh City (2N),6 Nights / 7 Days,21700000,https://www.holidify.com/images/cmsuploads/compressed/shutterstock_124952606_20200212181621.png,Vietnam,3.9
30,Mesmerising Vietnam and Cambodia Honeymoon Tour Package,Ho Chi Mihn City(3N) → Hanoi(3N) → Halong Bay Cruise(1N) →  Siem Reap(3N),10 Nights / 11 Days,36450000,https://www.holidify.com/images/compressed/dest_pixa_10518.jpg,Vietnam,2.9
31,"Vietnam Adventure: Hanoi, Ha Long, Hoi An, and Phu Quoc 8-Day Itinerary",Hanoi (1N) → Ha Long Bay(1N) →  Hanoi (1N) →  Hoi An(2N) →   Phu Quoc Island(2N),7 Nights / 8 Days,20625000,https://www.holidify.com/images/cmsuploads/compressed/PhuQuoc_20190130113927.jpg,Vietnam,4.9
32,Mui Ne Sand Dunes Package,Ho Chi Mihn City(0N) →   Mui Ne Sand Dunes(3N),3 Nights / 4 Days,7100000,https://www.holidify.com/images/cmsuploads/compressed/mui-ne-sand-dunes_20230726151035.jpg,Vietnam,3.8
33,Treasures of Vietnam Family Package: Ba Na Hills Day Trip,Hanoi(2N) →  Halong Bay(1N) →  Da Nang(2N) →  Ba Na Hils(0N) →  Ho Chi Minh City(2N),7 Nights / 8 Days,19775000,https://www.holidify.com/images/cmsuploads/compressed/800px-Ba_Na_Hills_I_20211207101610.jpg,Vietnam,3.4
34,Experience the Best of Vietnam and Cambodia in 7 Nights,Hanoi(3N) →  Ho Chi Minh City(2N) →  Siem Reap(2N),7 Nights / 8 Days,21475000,https://www.holidify.com/images/cmsuploads/compressed/shutterstock_404797840_20190628141147.jpg,Vietnam,2
35,Romantic Royal Vietnam and Cambodia Tour: Complimentary Room Decoration,Ho Chi Minh City(3N) →  Siem Reap(2N),5 Nights / 6 Days,17800000,https://www.holidify.com/images/cmsuploads/compressed/shutterstock415087426_20230531142111.jpg,Vietnam,3.7
36,Experience the Best of Vietnam - 11 Nights 12 Days,Hanoi(2N) →  Halong Bay(1N) →  Hue(1N) →  Hoi An(2N) →  Nha Trang(3N) →  Ho Chi Minh City(2N),11 Nights / 12 Days,24875000,https://www.holidify.com/images/cmsuploads/compressed/shutterstock_1284927949_20190628141004.jpg,Vietnam,4.3
37,Luxury Vietnam Honeymoon: 7 Nights Blissful Package Deal,Hanoi(1N) →  Halong Bay(1N) →  Da Nang(2N) →  Ho Chi Minh City(3N),7 Nights / 8 Days,18500000,https://www.holidify.com/images/cmsuploads/compressed/affair-anniversary-beach-couple_20211018150902.jpg,Vietnam,2.8
38,Jewels of Cambodia and Vietnam Tour Package With Cruise,Hanoi(3N) →  Halong Bay(1N) →  Ho Chi Minh City(1N) →  Phnom Penh(2N) →  Siem Reap(2N),9 Nights / 10 Days,24725000,https://www.holidify.com/images/cmsuploads/compressed/shutterstock2199440041_20230531153551.jpg,Vietnam,2.8
39,4 Star Luxury Vietnam Holiday Tour Package for 9 Nights,Hanoi(3N) →  Halong Bay(1N) →  Phu Quoc Island(3N) →  Ho Chi Minh City(2N),9 Nights / 10 Days,26850000,https://www.holidify.com/images/cmsuploads/compressed/shutterstock_630376499_20190628141147.jpg,Vietnam,2.8
40,Historically Amazing Vietnam Tour,Hanoi(3N) →  Halong Bay(1N) →  Hue(2N) →  Hoi An(2N) →  Ho Chi Minh City(2N),10 Nights / 11 Days,24025000,https://www.holidify.com/images/cmsuploads/compressed/HO_CHI_MINH_MAUSOLEUM_HANOI_VIETNAM_20220529115446.jpg,Vietnam,4.5
41,Vietnam Itinerary 10 Days,Hanoi(2N) →  Sapa(1N) →  Halong Bay(1N) →  Da Nang(2N) →  Ho Chi Minh City(3N),9 Nights / 10 Days,22175000,https://www.holidify.com/images/cmsuploads/compressed/shutterstock2197725285_20230531141742.jpg,Vietnam,3.5
42,Vietnam Tour Package With Phong Nha Ke Bang National Park,Hanoi(1N) →  Halong Bay(1N) →  Hanoi(1N) →  Dong Hoi(1N) →  Quang Bing Province (1N) →  Hoi An(2N),7 Nights / 8 Days,22475000,https://www.holidify.com/images/bgImages/PHONG-NHA-KE-BANG-NATIONAL-PARK.jpg,Vietnam,2
43,7 Nights Vietnam Family Special Tour Package,Hanoi(3N) →  Halong Bay(2N)  → Ho Chi Min City(2N),7 Nights / 8 Days,21200000,https://www.holidify.com/images/cmsuploads/compressed/FloatingfishingvillagenearrockislandsinHalongBay_20190718113212.jpg,Vietnam,5
44,Phu Quoc Island 3 Nights 4 Days Holiday Tour Package,Phu Quoc Island(3N),3 Nights / 4 Days,10450000,https://www.holidify.com/images/cmsuploads/compressed/shutterstock_398602870_20190627175436.jpg,Vietnam,2
45,Discover Vietnam Package: Free Golden Hands Bridge Cable Car Ticket,Hanoi(2N) →  Halong(1N) →  Da Nang(2N) →  Ho Chi Minh(2N),7 Nights / 8 Days,21275000,https://www.holidify.com/images/cmsuploads/compressed/Golden_Bridge_Da-Nang_20200906123320.jpg,Vietnam,2.3
46,Classic Vietnam Tour including Sapa & Mekong Delta,Hanoi(0N) →  Sapa(1N) →  Halong Bay(2N) →  Hue(1N) →  Hoi An(2N) →  Ho Chi Minh City(2N) →  Mekong Delta(1N),11 Nights / 12 Days,25725000,https://www.holidify.com/images/cmsuploads/compressed/shutterstock_521129761_20190829142948.png,Vietnam,2.6
47,Magical Vietnam Package With Boat Ride to Tam Coc Caves,Hanoi(2N) →  Halong Bay(1N) →  Hoa Lu(0N) →  Ho Chi Minh City(3N),6 Nights / 7 Days,21750000,https://www.holidify.com/images/compressed/attractions/attr_2791.jpg,Vietnam,3.3
48,Delightful Vietnam & Cambodia Holiday Package,Hanoi(3N) →  Halong Bay(0N) →  Ho Chi Minh City(3N) →  Siem Reap(2N) →  Phnom Penh(2N),10 Nights / 11 Days,27975000,https://www.holidify.com/images/cmsuploads/compressed/bayon-temple-cambodia_20211202095708.jpg,Vietnam,3
49,7 Days Honeymoon in Vietnam: Couple Special Package,Hanoi(2N) →  Halong(1N) →  Hanoi(1N) →  Nha Trang(2N),6 Nights / 7 Days,20250000,https://www.holidify.com/images/compressed/dest_pixa_16879.jpg,Vietnam,4.5
50,Rediscover Romance in Vietnam Package for Couples,Hanoi(2N) →  Halong(2N) →  Ho Chi Minh City(2N),6 Nights / 7 Days,22600000,https://www.holidify.com/images/cmsuploads/compressed/Vietnam_20230120193230.jpg,Vietnam,3
51,Thailand Tour Package: Exotic Island Escapes to Krabi and Phi Phi,Krabi(2N) → Phuket(3N),5 Nights / 6 Days,5925000,https://media.holidify.com/images/cmsuploads/compressed/shutterstock1015521898_20241018130605.jpg,Thailand,3.9
52,Ultimate Thailand Tour Package: Bangkok & Pattaya Getaway,Bangkok(0) →  Pattaya(2N) →  Bangkok(2N),4 Nights / 5 Days,6425000,https://media.holidify.com/images/cmsuploads/compressed/shutterstock709774468_20241018131241.jpg,Thailand,2.8
53,"Explore Thailand Tour Package: Bangkok, Pattaya, and Phuket",Phuket(2N) →  Krabi(2N) →  Bangkok(2N),6 Nights / 7 Days,9450000,https://media.holidify.com/images/cmsuploads/compressed/shutterstock1045107625_20241018131640.jpg,Thailand,3.3
54,Thailand Honeymoon Tour Package including Phi Phi Island and Phuket,Bangkok(2N) →  Phi Phi Islands(2N) →  Krabi(1N) →  Phuket(2N),7 Nights / 8 Days,9225000,https://www.holidify.com/images/cmsuploads/compressed/shutterstock_1038735337_20200123184151.jpg,Thailand,2.4
55,Memorable Thailand Island Honeymoon Tour Package,Krabi(2N) →  Phi Phi Island(1N) →  Phuket(2N),5 Nights / 6 Days,7300000,https://www.holidify.com/images/cmsuploads/compressed/shutterstock_1038919975_20200123184925.jpg,Thailand,2.7
56,Short Getaway Thailand Holiday Package,Pattaya(2N) → Bangkok(1N),3 Nights / 4 Days,3950000,https://media.holidify.com/images/cmsuploads/compressed/shutterstock219128044_20241018132149.jpg,Thailand,2.1
57,"Thailand Tour Package: Beach, Nightlife, and Culture in One Trip",Krabi(2N) →  Phuket(2N) →  Pattaya(2N) →  Bangkok(2N),8 Nights / 9 Days,9875000,https://media.holidify.com/images/cmsuploads/compressed/shutterstock323825486_20241018132402.jpg,Thailand,4.7
58,Thailand Tour Package: Experience the Best of Bangkok & Koh Samui,Bangkok(2N) →  Koh Samui(3N),5 Nights / 6 Days,9325000,https://media.holidify.com/images/cmsuploads/compressed/shutterstock195245255_20241018132813.jpg,Thailand,4.2
59,Bachelors Thailand Package: Bangkok and Pattaya for 4 Nights,Bangkok(0N) →  Pattaya(3N) →  Bangkok(1N),4 Nights / 5 Days,5075000,https://www.holidify.com/images/cmsuploads/compressed/shutterstock_192403856_20200224152016.jpg,Thailand,4.1
60,7 Days Thailand Tour Package With Krabi & Phuket with Sunset Cruise,Phuket(3N) →  Krabi(2N) →  Bangkok(1N),6 Nights / 7 Days,7625000,https://www.holidify.com/images/cmsuploads/compressed/shutterstock_306226703_20191021165950.jpg,Thailand,4
61,"Coastal Marvel of Thailand Tour Package: Hua Hin, Bangkok, Krabi",Bangkok(1N) →  Hua Hin(2N) →  Krabi(2N),5 Nights / 6 Days,5650000,https://media.holidify.com/images/cmsuploads/compressed/shutterstock85511695_20241018133032.jpg,Thailand,4
62,Amazing Thailand Tour Package: Free Coral Island Excursion,Bangkok(0N) →  Pattaya(3N) →  Bangkok(2N),5 Nights / 6 Days,6075000,https://www.holidify.com/images/cmsuploads/compressed/1540811111201810295G301_20190926164733.jpg,Thailand,3.6
63,Tropical Beauty Thailand Tour Package With Mangrove Kayaking Tour,Krabi(2N) → Phuket(2N),4 Nights / 5 Days,6500000,https://www.holidify.com/images/cmsuploads/compressed/shutterstock_703981996_20190927113919.jpg,Thailand,3.8
64,Majestic Thailand Tour Package,Pattaya(2N) → Bangkok(2N) → Krabi(2N) → Phuket(2N),8 Nights / 9 Days,12225000,https://www.holidify.com/images/cmsuploads/compressed/shutterstock_564459352_20200203163848.jpg,Thailand,4.3
65,5 Days in Thailand Itinerary - Bangkok Pattaya With Ayutthaya Day Trip,Bangkok(0N) →  Pattaya(2N) →  Bangkok(2N) →  Ayutthaya(0N),4 Nights / 5 Days,6500000,https://www.holidify.com/images/cmsuploads/compressed/shutterstock_300284237_20190611103719.jpg,Thailand,3.2
66,Highlights of Thailand: Krabi Phuket Pattaya & Bangkok Group Departure Package,Pattaya(2N) → Bangkok(2N) → Krabi(2N) → Phuket(2N),8 Nights / 9 Days,16950000,https://www.holidify.com/images/bgImages/PATTAYA.jpg,Thailand,2.9
67,"Party Hopping in Thailand - Bangkok, Phi Phi Islands and Koh Phangan Package",Bangkok(1N) →  Phi Phi Islands(2N) →  Koh Phangan(2N),5 Nights / 6 Days,6600000,https://www.holidify.com/images/cmsuploads/compressed/shutterstock_1043546911_20190607153748.jpg,Thailand,3.2
68,"Best of Thailand Tour - Krabi, Phuket & Phi Phi Islands",Krabi(2N) →  Phi Phi Island(1N) →  Phuket(3N),6 Nights / 7 Days,7525000,https://www.holidify.com/images/cmsuploads/compressed/Sea-Beach-Bamboo-Blue-Sand-Bamboo-Beach-Thailand-4852830_20230306163650.jpeg,Thailand,2.3
69,Bombastic New Year Celebration in Thailand,Bangkok(0N) →  Pattaya(3N) →  Bangkok(2N),5 Nights / 6 Days,6125000,https://www.holidify.com/images/cmsuploads/compressed/shutterstock_326551862_20190611130053.jpg,Thailand,3.3
70,Thailand's Coastal Charms: Bangkok & Hua Hin Package,Bangkok(1N) →  Hua Hin(2N),3 Nights / 4 Days,4225000,https://www.holidify.com/images/cmsuploads/compressed/shutterstock_172397066_20191016165029.jpg,Thailand,3.8
71,7 Days 6 Nights Thailand Tour Package,Phuket(2N) →  Pattaya(2N) →  Bangkok(2N),6 Nights / 7 Days,9875000,https://d27k8xmh3cuzik.cloudfront.net/wp-content/uploads/2018/08/The-incredible-flora-and-fauna-of-James-Bond-Island-2-shutterstock_383401627.jpg,Thailand,2.4
72,Bangkok Phuket Pattaya Tour Package - Pocket Friendly Beachside Vacation,Bangkok(0N) →  Phuket(2N) →  Pattaya(2N) →  Bangkok(1N),5 Nights / 6 Days,8050000,https://www.holidify.com/images/cmsuploads/compressed/shutterstock_1014644104_20190712175039.jpg,Thailand,4.8
73,"Ultimate North Thailand Package Tour: Chiang Mai, Chiang Rai, Bangkok",Chiang Mai(3N) →  Chiang Rai(1N) →  Bangkok(2N),6 Nights / 7 Days,9175000,"https://www.holidify.com/images/cmsuploads/compressed/FireworkFestival,ChiangMai_20190717142249.jpg",Thailand,4.8
74,Thailand Family Holiday Package for 8 Nights,Phuket(2N) →  Krabi(2N) →  Pattaya(2N) →  Bangkok(2N),8 Nights / 9 Days,11575000,https://www.holidify.com/images/cmsuploads/compressed/shutterstock_683669500_20190611112629.jpg,Thailand,2.5
75,Thailand Romantic Honeymoon Escape Package With Railay Beach,Krabi(2N) →  Railay Beach(1N) →  Phuket(3N),6 Nights / 7 Days,8600000,https://www.holidify.com/images/cmsuploads/compressed/shutterstock2061926990_20230531131431.jpg,Thailand,3.4
76,Mystical Thailand Package: Chiang Mai & Bangkok With Elephant Nature Park,Chiang Mai(3N) →   Bangkok(2N),5 Nights / 6 Days,9600000,https://www.holidify.com/images/cmsuploads/compressed/5584795106_b5d5e469a2_k_20200416135501.jpg,Thailand,2.7
77,Romantic Thailand Package for Couple - Tour for 9 Nights,Phuket(3N) →  Krabi(2N) →  Pattaya(2N) →  Bangkok(2N),9 Nights / 10 Days,15550000,https://www.holidify.com/images/cmsuploads/compressed/shutterstock_1050363536_20190611115604.jpg,Thailand,4.4
78,Bangkok Pattaya 5 Nights 6 Days - Cultural Shows,Bangkok(3N) → Pattaya(2N),5 Nights / 6 Days,7050000,https://www.holidify.com/images/compressed/dest_pixa_313.jpg,Thailand,4.9
79,7 Days Thailand Honeymoon Adventure Package,Phuket(2N) →  Krabi(3N) → Railay Beach(1N),6 Nights / 7 Days,9025000,https://www.holidify.com/images/cmsuploads/compressed/shutterstock_622656491_20200123183129.jpg,Thailand,3.9
80,Thailand Lovers Paradise - Phuket Krabi Honeymoon Package,Krabi(2N) →  Phuket(3N),5 Nights / 6 Days,7050000,https://www.holidify.com/images/cmsuploads/compressed/shutterstock768387142_20230615180849.jpg,Thailand,3.4
81,"Outstanding Thailand Package - Koh Samui, Pattaya and Bangkok",Bangkok(0N) →  Pattaya(2N) →  Bangkok(2N) →  Koh Samui(2N),6 Nights / 7 Days,8600000,https://www.holidify.com/images/cmsuploads/compressed/shutterstock_1060372658_20190702183908.jpg,Thailand,4.4
82,Phuket Itinerary 7 Days With Krabi,Phuket(3N) → Krabi(3N),6 Nights / 7 Days,8175000,https://www.holidify.com/images/cmsuploads/compressed/shutterstock_688810990_20190607152424.jpg,Thailand,3.3
83,Bangkok Phuket Krabi Tour Package: Free Hong Island Excursion,Phuket(2N) →  Krabi(2N) →  Bangkok(1N),5 Nights / 6 Days,6925000,https://www.holidify.com/images/cmsuploads/compressed/shutterstock2139806443_20230530130021.jpg,Thailand,2.8
84,Thailand Bangkok Pattaya Tour Package - Glass Bottom Boat Ride,Bangkok(0N) →  Pattaya(3N) →  Bangkok(3N),6 Nights / 7 Days,7900000,https://www.holidify.com/images/cmsuploads/compressed/shutterstock1465406375_20230531120351.jpg,Thailand,2.2
85,Thailand Malaysia Tour Package-  7 Nights 8 Days,Bangkok(0N) →  Pattaya(2N) →  Bangkok(2N) →  Kuala Lumpur(3N),7 Nights / 8 Days,9875000,https://media.holidify.com/images/cmsuploads/compressed/pexels-pok-rie-33563-4847085_20240809132338.jpg,Thailand,2.8
86,Coral Island Tour in Pattaya,Bangkok (2N) →  Pattaya (2N) →  Chiang Mai (2N),6 Nights / 7 Days,7275000,https://www.holidify.com/images/cmsuploads/compressed/shutterstock_1123187258_20190607154033.jpg,Thailand,2
87,Singapore Thailand Extravaganza for 7 Nights: Free Universal Studios,Pattaya(2N) →  Bangkok(2N) →  Singapore(3N),7 Nights / 8 Days,13975000,https://www.holidify.com/images/cmsuploads/compressed/shutterstock206073715_20230530132817.jpg,Thailand,4.7
88,Party In Thailand Package,Bangkok (2N) →  Pattaya (2N),4 Nights / 5 Days,5575000,https://www.holidify.com/images/cmsuploads/compressed/4565864190_e7d31ce840_b_20171228182644_20171228192831.jpg,Thailand,3
89,Thailand Tour Package 4 Days 3 Nights - Day Trip to Phi Phi Islands,Phuket(3N) → Phi Phi Islands(0N) → Ao Phang Nga & Phang Nga(0N),3 Nights / 4 Days,4200000,https://www.holidify.com/images/cmsuploads/compressed/shutterstock269390447_20230530130225.jpg,Thailand,4.4
90,Thailand Tour Packages for Family,Bangkok(2N) →  Phuket(2N) →  Krabi(2N),6 Nights / 7 Days,7375000,https://www.holidify.com/images/cmsuploads/compressed/shutterstock_358949084_20190611140318.jpg,Thailand,4.4
91,"Pocket-Friendly Koh Samui, Krabi & Bangkok Tour With James Bond Island",Bangkok (2N) →  Krabi (2N) →  Koh Samui(2N),6 Nights / 7 Days,6350000,https://www.holidify.com/images/cmsuploads/compressed/shutterstock_167854424_20190930101945.jpg,Thailand,4.4
92,Entertaining Bangkok and Krabi Package,Bangkok (2N) →  Krabi (2N),4 Nights / 5 Days,5500000,https://www.holidify.com/images/cmsuploads/compressed/7419253200_8de1c00e61_b_20190612134833.jpg,Thailand,2.5
93,Thailand 7 Nights Package: Experience Culture,Bangkok(2N) →  Kanchanaburi(1N) →  Ayutthaya(1N) →  Chiang Mai(3N),7 Nights / 8 Days,15550000,https://www.holidify.com/images/cmsuploads/compressed/shutterstock418323238_20230530130405.jpg,Thailand,4.6
94,Phuket Thailand Tour Package: 3 Nights 4 Days,Phuket(3N),3 Nights / 4 Days,4925000,https://www.holidify.com/images/cmsuploads/compressed/shutterstock_1372434242_20190611122056.jpg,Thailand,2.9
95,Phuket Krabi Phi Phi Itinerary: Family Tour Package,Krabi (2N) →  Pattaya (2N) →  Phi Phi Islands (2N),5 Nights / 6 Days,7200000,https://www.holidify.com/images/cmsuploads/compressed/shutterstock695392744_20230530135517.jpg,Thailand,4.1
96,Phuket Krabi Itinerary for 6 Nights 7 Days With Tiger Cave Temple,Phuket(3N) →  Krabi(3N),6 Nights / 7 Days,8900000,https://www.holidify.com/images/cmsuploads/compressed/shutterstock_1114284335_20190927113807.jpg,Thailand,3.5
97,Phuket Krabi 5 Day Itinerary: Four Island Tour by Long Tail Boat,Phuket(2N) →  Krabi(2N),4 Nights / 5 Days,4925000,https://www.holidify.com/images/cmsuploads/compressed/shutterstock1891920235_20230530125136.jpg,Thailand,4
98,Bangkok and Phuket Holiday Package With Maya Bay Excursion,Bangkok(0N) →  Phuket(3N) →  Bangkok(2N),5 Nights / 6 Days,8325000,https://www.holidify.com/images/cmsuploads/compressed/shutterstock1107675575_20230530134921.jpg,Thailand,4
99,6 Nights Phuket Phi Phi Island Exploration Package,Phuket(2N) →  Phi Phi Islands(2N) →  Phuket(2N),6 Nights / 7 Days,7875000,"https://www.holidify.com/images/cmsuploads/compressed/BeautifulSunsetView,PhiPhiIsland_20190724103753.jpg",Thailand,2.5
100,Beach Bliss in Thailand Honeymoon Package,Phi Phi Islands (2N) → Koh Phangan (3N),5 Nights / 6 Days,6775000,https://www.holidify.com/images/cmsuploads/compressed/shutterstock_1508895173_20200123183839.jpg,Thailand,4.8
101,Funtastic Family Special Singapore Tour Package - Skyline Luke Ride,Singapore(4N),4 Nights / 5 Days,8050000,https://www.holidify.com/images/cmsuploads/compressed/shutterstock_1030536007_20190529144448.jpg,Singapore,4.8
102,Singapore Sojourn: 5-Nights Escape to the Lion City’s Best,Singapore(5N),5 Nights / 6 Days,17525000,https://media.holidify.com/images/cmsuploads/compressed/Singapore18_20240321140955.jpg,Singapore,3.1
103,Mesmerizing Singapore Package,Singapore(4N),4 Nights / 5 Days,15550000,https://media.holidify.com/images/cmsuploads/compressed/Singapore18_20240717200535.jpg,Singapore,4.1
104,Premium Singapore with Cruise: Small Group Tour Package,Singapore City(4N) → Singapore(2N),6 Nights / 7 Days,30550000,https://www.holidify.com/images/cmsuploads/compressed/6831308760_f42195db69_c_20191125144038.jpg,Singapore,4.3
105,Best Singapore Package - Universal Studios Ticket Included,Singapore(5N),5 Nights / 6 Days,9025000,https://www.holidify.com/images/cmsuploads/compressed/shutterstock_741399763_20190702164958.jpg,Singapore,4
106,6 Nights Singapore Holiday Package: Free Jurong Bird Park Tickets,Singapore(6N),6 Nights / 7 Days,10725000,https://www.holidify.com/images/cmsuploads/compressed/singapore_tour1_20220507151504.jpg,Singapore,4.3
107,Amazing Singapore Cruise Tour Package for 5 Nights,Singapore(2N) →  Cruise(2N) →  Singapore(1N),5 Nights / 6 Days,10450000,https://www.holidify.com/images/cmsuploads/compressed/6831308760_f42195db69_c_20191125144038.jpg,Singapore,3.9
108,Memorable 7 Nights Singapore Family Package,Singapore(7N),7 Nights / 8 Days,11725000,https://www.holidify.com/images/cmsuploads/compressed/5038773604_94ff842550_b_20191008124638.jpg,Singapore,4.7
109,Family Singapore Tour Package: Free Night Safari Tickets,Singapore(3N),3 Nights / 4 Days,9175000,https://www.holidify.com/images/cmsuploads/compressed/shutterstock_476168251_20190529141342.jpg,Singapore,5
110,Spectacular Singapore Tour Package With Singapore Flyer Tickets,Singapore(5N),5 Nights / 6 Days,9325000,https://www.holidify.com/images/cmsuploads/compressed/singapore-1896774_960_720_20190924153407.jpg,Singapore,3.7
111,Singapore 4 Nights 5 Days Package with Singapore River Boat Cruise,Singapore (4N),4 Nights / 5 Days,13550000,https://media.holidify.com/images/cmsuploads/compressed/singapore-marina-bay-singapur-nochnoi-gorod-zaliv-lodka-zdan_20240808124200.jpeg,Singapore,3
112,Incredible Singapore Vacay Package: Marina Bay Sands Sky Park Included,Singapore(6N),6 Nights / 7 Days,9600000,https://media.holidify.com/images/cmsuploads/compressed/Singapore18_20240717200855.jpg,Singapore,2.8
113,Lovely Singapore Honeymoon Package for 3 Nights,Singapore(3N),3 Nights / 4 Days,11025000,https://www.holidify.com/images/cmsuploads/compressed/people-city-love-people_20230320160500.jpg,Singapore,4.6
114,Relaxing Singapore Package For Senior Citizens,Singapore(6N),6 Nights / 7 Days,11875000,https://www.holidify.com/images/compressed/dest_pixa_22188.jpg,Singapore,4.9
115,Uniquely Singapore and Malaysia Group Departure Package,Singapore(3N) →  Kuala Lumpur(3N),6 Nights / 7 Days,11575000,https://media.holidify.com/images/cmsuploads/compressed/family-portraitQPY5VC7EVD_20240808140429.jpeg,Singapore,4.8
116,Fantastic Singapore Kids Special Package: Singapore Zoo Tickets Included,Singapore(4N),4 Nights / 5 Days,11025000,https://www.holidify.com/images/cmsuploads/compressed/Clarke_Quay_8566640595_20190205141544jpg,Singapore,3.6
117,Singapore Bali Tour Package for 6 Nights,Singapore(3N) → Bali(3N),6 Nights / 7 Days,16100000,https://www.holidify.com/images/compressed/dest_pixa_22138.jpg,Singapore,3.8
118,Unforgettable Singapore Kuala Lumpur With Full Day Sentosa Island Tour,Singapore(3N) →  Kuala Lumpur(2N),5 Nights / 6 Days,10450000,https://www.holidify.com/images/cmsuploads/compressed/1_sentosa_aerial_2016_20190127112531.jpg,Singapore,3.6
119,Singapore Family Package: Marina Bay Sands Included,Singapore(5N),5 Nights / 6 Days,9875000,https://www.holidify.com/images/cmsuploads/compressed/Laser_light_show_at_the_Marina_Bay_Sands_8584152585_20180528110634_20190403184110.jpg,Singapore,3.1
120,5 Star Malaysia & Singapore Holiday Package with Singapore City Tour,Kuala Lumpur(2N) →  Genting Highlands(2N) →  Singapore(3N),7 Nights / 8 Days,14700000,https://www.holidify.com/images/cmsuploads/compressed/Rear_view_of_the_Merlion_statue_at_Merlion_Park_Singapore_with_Marina_Bay_Sands_in_the_distance_-_20140307_20200128145852.jpg,Singapore,4.3
121,Exclusive Singapore Bali Honeymoon Package for 6 Nights,Singapore(3N) →  Bali(3N),6 Nights / 7 Days,16675000,https://www.holidify.com/images/cmsuploads/compressed/shutterstock_1344843080_20190529162557.jpg,Singapore,2.9
122,Mesmerising Singapore Family Package: SEA Aquarium Tickets Included,Singapore(3N),3 Nights / 4 Days,9750000,https://www.holidify.com/images/cmsuploads/compressed/The-charms-of-Sentosa-Underwater-World_20220507162422.jpg,Singapore,2.4
123,"South-East Asia with Singapore, Malaysia and Thailand - Cruise Group Tour",Singapore(2N) →  Kuala Lumpur(2N) →  Cruise(1N) →  Kuala Lumpur(1N),8 Nights / 9 Days,18625000,https://www.holidify.com/images/cmsuploads/compressed/7684988660_be4c44844f_b_20190909134804.jpg,Singapore,2.8
124,4 Star Malaysia & Singapore Holiday Package,Kuala Lumpur(2N) →  Genting Highlands(2N) →  Singapore(3N),7 Nights / 8 Days,13550000,https://www.holidify.com/images/compressed/dest_pixa_22112.jpg,Singapore,2.6
125,Genting Dream Cruise Package: Singapore & Bali,Singapore(2N) →  Genting Dream Cruise(2N) →  Bali(3N),7 Nights / 8 Days,18375000,https://www.holidify.com/images/cmsuploads/compressed/shutterstock_678153238_20190529133731.jpg,Singapore,3.3
126,Memorable Singapore Honeymoon Package with Sentosa Island Tour,Singapore(5N),5 Nights / 6 Days,10925000,https://www.holidify.com/images/cmsuploads/compressed/CentralBusinessDistrictskylineviewedfromtheLowerBoardwalkofMarinaBaySingapore-20120730_20230320160922.jpg,Singapore,2.7
127,Discover New Zealand with Singapore Tour Package,Singapore(3N) →  Auckland(2N) →  Queenstown(2N),7 Nights / 8 Days,31100000,https://www.holidify.com/images/cmsuploads/compressed/2017-03-09-09-32-53_20201128113922.jpg,Singapore,2
128,Malaysia & Singapore Escapade,Langkawi(2N) → Genting Highlands(1N) → Kuala Lumpur(2N) → Singapore(3N),8 Nights / 9 Days,19225000,https://www.holidify.com/images/compressed/dest_pixa_22077.jpg,Singapore,3.2
129,Singapore Malaysia Tour Package With Cruise,Penang(1N) →  Langkawi(1N) →  Phuket/Krabi(1N) →  Kuala Lumpur(3N) →  Singapore(2N),8 Nights / 9 Days,22325000,https://www.holidify.com/images/cmsuploads/compressed/shutterstock_694668286_20190529173818.jpg,Singapore,2.3
130,"Fascinating Far East including Thailand, Malaysia & Singapore - Group Tour",Bangkok(2N) →  Pattaya(2N) →  Kuala Lumpur(3N) →  Singapore(3N),10 Nights / 11 Days,26300000,https://www.holidify.com/images/cmsuploads/compressed/shutterstock_1198426195_20190529175724.jpg,Singapore,4.6
131,Singapore Package Tour 4 Days 3 Nights,Singapore(3N),3 Nights / 4 Days,9875000,https://www.holidify.com/images/compressed/dest_pixa_22187.jpg,Singapore,4.2
132,Best of Malaysia & Singapore Tour Package for 6 Nights,Kuala Lumpur(3N) →  Singapore(3N),6 Nights / 7 Days,11875000,https://media.holidify.com/images/cmsuploads/compressed/Untitleddesign23_20240321131137.png,Singapore,4.8
133,Grand Malaysia & Singapore Package for 6 Nights,Singapore(3N) → Kuala Lumpur(3N),6 Nights / 7 Days,10750000,https://www.holidify.com/images/cmsuploads/compressed/shutterstock_610985705_20190529135525.jpg,Singapore,2.2
134,"Oriental Magic Group Tour in Thailand, Malaysia & Singapore",Bangkok(0N) →  Pattaya(1N) →  Bangkok(2N) →  Phuket(2N) →  Kuala Lumpur(3N) →  Singapore(3N),11 Nights / 12 Days,32350000,https://www.holidify.com/images/cmsuploads/compressed/800px-Sentosa_island_views_from_Singapore_Cable_Car_4_20191021173532.jpg,Singapore,3.7
135,Singapore Love Story Honeymoon Package,Singapore (4N),4 Nights / 5 Days,9025000,https://www.holidify.com/images/cmsuploads/compressed/shutterstock_1325302352_20190529160229.jpg,Singapore,3.5
136,Budget Cruise to Singapore and Malaysia,Kuala Lampur (2N)  →  Cruise (1N) →  Singapore (2N),5 Nights / 6 Days,11575000,https://www.holidify.com/images/cmsuploads/compressed/shutterstock_1367936690_20190529173958.jpg,Singapore,4.7
137,"Marvelous Holiday Group Tour Package : Singapore, Malaysia, Thailand",Singapore(2N) →  Kuala Lumpur(3N) →  Penang(1N) →  Phuket(1N) →  Krabi(1N),8 Nights / 9 Days,27525000,https://www.holidify.com/images/cmsuploads/compressed/42211980791_80df9a64a0_b_20200106143215.jpg,Singapore,4.5
138,Mesmerising Singapore & Malaysia Trip for 5 Nights,Kuala Lumpur(3N) → Singapore(2N),5 Nights / 6 Days,9875000,https://media.holidify.com/images/cmsuploads/compressed/kuala_lumpur_malaysia-normal_20240812172528.jpg,Singapore,4.7
139,Royal Caribbean Cruise Tour in Bali & Singapore,Singapore(4N) →  Bali(4N),8 Nights / 9 Days,21200000,https://www.holidify.com/images/cmsuploads/compressed/shutterstock_1367936690_20190529173958.jpg,Singapore,3.3
140,Singapore Malaysia and Bali Tour Package: Idyllic Honeymoon,Kuala Lumpur (3N) →  Singapore(2N) →  Bali (3N),8 Nights / 9 Days,18250000,https://www.holidify.com/images/cmsuploads/compressed/shutterstock1113366947_20230529133016.jpg,Singapore,4.5
141,Thailand Singapore and Malaysia Tour Package for 10 Nights,Bangkok(2N) →  Pattaya(2N) →  Kuala Lumpur(3N) →  Singapore(3N),10 Nights / 11 Days,30750000,https://www.holidify.com/images/cmsuploads/compressed/Moonrise_over_kuala_lumpur_20201128135002.jpg,Singapore,4.6
142,Mini-Break for Couples in Singapore,Singapore(5N),5 Nights / 6 Days,12700000,https://www.holidify.com/images/cmsuploads/compressed/IMG-20180516-WA0021_20220508145115.jpg,Singapore,4.3
143,Oriental Kuala Lumpur & Singapore Group Tour,Kuala Lumpur(3N) → Singapore (3N),6 Nights / 7 Days,24025000,https://www.holidify.com/images/compressed/dest_pixa_22126.jpg,Singapore,4.3
144,Singapore and Thailand Getaway for 7 Nights,Pattaya(2N) →  Bangkok(2N) →  Singapore(3N),7 Nights / 8 Days,13975000,https://www.holidify.com/images/compressed/dest_wiki_14936.jpg,Singapore,3.1
145,The Complete Malaysia and Singapore Group Tour,Kuala Lumpur(3N) → Singapore (3N),6 Nights / 7 Days,16800000,https://www.holidify.com/images/cmsuploads/compressed/shutterstock_1607560657_20200316122945.jpg,Singapore,4
146,Singapore & Kuala Lumpur Honeymoon Getaway,Singapore(3N) → Kuala Lumpur(2N),5 Nights / 6 Days,11575000,https://www.holidify.com/images/cmsuploads/compressed/architecture-buildings-infrastructure-skyline_20210831152544.jpg,Singapore,2.1
147,Singapore and Thailand Honeymoon Tour Package,Singapore(3N) →  Bangkok(3N) →  Phuket(3N),9 Nights / 10 Days,14125000,"https://www.holidify.com/images/cmsuploads/compressed/TheLoveyDoveyTraveller,DifferentTypesOfTravellers_20190128104043.jpg",Singapore,4.2
148,Singapore Honeymoon Package - Luxury Retreat and Spa Experience,Singapore(4N),4 Nights / 5 Days,21200000,https://www.holidify.com/images/cmsuploads/compressed/download2_20230320161637.jpeg,Singapore,2.1
149,5 Nights Singapore Honeymoon Package - Universal Studios Tour,Singapore(5N),5 Nights / 6 Days,9875000,https://media.holidify.com/images/cmsuploads/compressed/Untitleddesign27_20240321164952.png,Singapore,5
150,Singapore Tour Package for Couple - Budget Deal,Singapore(6N),6 Nights / 7 Days,11025000,https://media.holidify.com/images/cmsuploads/compressed/Untitleddesign25_20240321141603.png,Singapore,4.5
151,3 Nights Dubai Tour Package - Desert Safari with BBQ Dinner Free,Dubai(3N),3 Nights / 4 Days,7900000,https://www.holidify.com/images/cmsuploads/compressed/People-Tourism-City-Dubai-Buildings-Uae-Downtown-4045035_20211111121352.jpeg,Uae,5
152,Magical Dubai Abu Dhabi 5 Nights 6 Days Package,Dubai(3N) →  Abu Dhabi(2N),5 Nights / 6 Days,8750000,https://www.holidify.com/images/compressed/dest_pixa_6819.jpg,Uae,2.2
153,Arabian Odyssey Dubai & Abu Dhabi Package with Al Ain Day Tour,Dubai(2N) →  Abu Dhabi(2N) →  Al Ain(0N),4 Nights / 5 Days,10300000,https://www.holidify.com/images/compressed/dest_pixa_651.jpg,Uae,5
154,Exquisite Dubai & Abu Dhabi Getaway,Dubai(3N) →  Abu Dhabi(3N),6 Nights / 7 Days,13550000,https://www.holidify.com/images/cmsuploads/compressed/DubaiSafari_20190716145822.jpg,Uae,2.1
155,Majestic UAE Tour Package - 5 Nights in Dubai & Abu Dhabi Day Tour,Dubai(5N),5 Nights / 6 Days,12700000,https://www.holidify.com/images/cmsuploads/compressed/Desert_Safari6_20190312122505.jpg,Uae,4.4
156,Luxurious Dubai and Abu Dhabi Tour - Stay at Yas Viceroy and JW Marriott,Abu Dhabi(2N) → Dubai(3N),5 Nights / 6 Days,26275000,https://www.holidify.com/images/cmsuploads/compressed/13961301105_feffe8d1b7_o_20190708123614.jpg,Uae,3.5
157,Amazing Dubai Trip for 6 Nights - 1 Day Abu Dhabi Tour,Dubai(6N),6 Nights / 7 Days,19775000,https://www.holidify.com/images/cmsuploads/compressed/DubaiAerialView_20190716151918.jpg,Uae,3.1
158,Dubai Tour Package with Abu Dhabi Tour and Ferrari World Visit,Dubai(4N) →  Abu Dhabi(0N),4 Nights / 5 Days,12150000,https://www.holidify.com/images/cmsuploads/compressed/attr_1002_20190803174120.jpg,Uae,2.8
159,Dubai Grand Discovery Package with Ras al Khaimah & Abu Dhabi Tour,Dubai(5N) →  Ras Al Khaimah(0N) →  Abu Dhabi(0N),5 Nights / 6 Days,18375000,https://www.holidify.com/images/cmsuploads/compressed/Dubai_at_sunrise_20190312122512.jpg,Uae,2.8
160,Super Saver Dubai for 4 Nights 5 Days,Dubai(4N),4 Nights / 5 Days,11025000,https://www.holidify.com/images/cmsuploads/compressed/pexels-photo-7189253_20240130125653.jpeg,Uae,4
161,Friends Trip to Dubai for 4 Nights,Dubai(4N),4 Nights / 5 Days,9025000,https://www.holidify.com/images/cmsuploads/compressed/DubaiCityLights_20190716145618.jpg,Uae,2
162,Quick Honeymoon Getaway in Dubai with Desert Safari & River Cruise,Dubai(3N),3 Nights / 4 Days,11300000,https://www.holidify.com/images/cmsuploads/compressed/Picture-honeymoon-activities-dubai-honeymoon-activities_20210914103247.jpg,Uae,2.5
163,Dubai New Year Tour Package for 4 Nights,Dubai(4N),4 Nights / 5 Days,10725000,https://www.holidify.com/images/compressed/dest_pixa_6850.jpg,Uae,2.5
164,Majestic Dubai Economy Tour Package with Visit to Burj Khalifa,Dubai(4N),4 Nights / 5 Days,10725000,https://www.holidify.com/images/cmsuploads/compressed/DubaiSkyline-SunsetView_20190716151247.jpg,Uae,2.9
165,Mesmerising Dubai Tour including 1N Stay at Gevora (Tallest Hotel),Dubai(4N),4 Nights / 5 Days,10875000,https://www.holidify.com/images/cmsuploads/compressed/47240150552383ce2f006o_20211108111727.jpg,Uae,4.9
166,Luxurious Dubai Tour Package for 4 Nights - Stay at Hyatt Regency Dubai,Dubai(5N),5 Nights / 6 Days,52675000,https://www.holidify.com/images/compressed/dest_pixa_6819.jpg,Uae,4.9
167,Special Dubai Tour Package & Abu Dhabi Day Tour,Dubai(4N) → Abu Dhabi(0N),4 Nights / 5 Days,11575000,https://www.holidify.com/images/compressed/dest_pixa_692.jpg,Uae,5
168,Dubai Atlantis the Palm Experience with Aquaventure Waterpark (1 Night Stay Included),Dubai(4N),5 Nights / 6 Days,30675000,https://www.holidify.com/images/cmsuploads/compressed/84618388_20211110155102.jpg,Uae,3.1
169,Dubai Shopping Tour for 4 Nights - Luxury Yacht Dinner Cruise,Dubai(4N),4 Nights / 5 Days,12000000,https://www.holidify.com/images/cmsuploads/compressed/Dubai2_20211103182136.jpg,Uae,2
170,Fantastic Dubai and Riyadh Tour Package for 5 Nights,Dubai(3N) → Riyadh(2N),5 Nights / 6 Days,18375000,https://www.holidify.com/images/compressed/dest_pixa_6845.jpg,Uae,4.9
171,Simply Abu Dhabi Tour Package for 3 Nights,Abu Dhabi (3N),3 Nights / 4 Days,6500000,https://www.holidify.com/images/cmsuploads/compressed/ShekZayedGrandMosque_20190716161348.jpg,Uae,3.6
172,Enchanting Dubai and Ras Al Khaimah Package,Ras Al Khaimah(2N) → Dubai(2N),4 Nights / 5 Days,11300000,https://www.holidify.com/images/cmsuploads/compressed/trailblazer_20190505192748.jpg,Uae,4.6
173,Mesmeric UAE Trip in Ras Al Khaimah for 4 Nights,Ras Al Khaimah(4N),4 Nights / 5 Days,10875000,https://www.holidify.com/images/cmsuploads/compressed/Waves_flushing_the_rocks_at_the_beach_of_Ras_Al_Khaimah_20190312122506.jpg,Uae,4.1
174,Mesmerizing Dubai Tour Package - 1 Day Stay at Yas Island,Dubai (4N) →  Yas Island (1N),5 Nights / 6 Days,11875000,https://www.holidify.com/images/cmsuploads/compressed/DubaiSkyline-SunsetView_20190716151247.jpg,Uae,3
175,Amazing Abu Dhabi and Yas Island Tour Package for 4 Nights,Abu Dhabi (3N) →  Yas Island (1N),4 Nights / 5 Days,11150000,https://www.holidify.com/images/cmsuploads/compressed/EmiratesPalace_20190716155608.jpg,Uae,2
176,Delightful UAE Tour in Abu Dhabi and Yas Island,Abu Dhabi (2N) →  Yas Island (2N),4 Nights / 5 Days,12150000,https://www.holidify.com/images/cmsuploads/compressed/AbuDhabiSkyline_20190716160244.jpg,Uae,3.7
177,Stunning Abu Dhabi on a Budget for 4 Nights,Abu Dhabi (4N),4 Nights / 5 Days,7900000,"https://www.holidify.com/images/cmsuploads/compressed/AbuDhabi,Dubai_20190716160522.jpg",Uae,4.6
178,Fun Dubai Family Package for 4 Nights,Dubai(4N),4 Nights / 5 Days,23450000,https://www.holidify.com/images/cmsuploads/compressed/MaxPixel.net-Happy-Play-Sunset-Beach-Children-Family-Vacation-7078884_20220520111132.jpg,Uae,3.5
179,Amazing Dubai Family Package for 5 Nights,Dubai(5N),5 Nights / 6 Days,14125000,https://www.holidify.com/images/cmsuploads/compressed/shutterstock_508380913_20190822131953_20190822132026.jpg,Uae,3.7
180,Budget Dubai Friends Tour Package,Dubai(3N),3 Nights / 4 Days,8600000,https://www.holidify.com/images/cmsuploads/compressed/dubai-g909c96ae71920_20220526152354.jpg,Uae,4.5
181,Dubai Steal Deal Holiday Tour Package,Dubai(4N),4 Nights / 5 Days,10300000,https://www.holidify.com/images/cmsuploads/compressed/49306484623df785f518fo_20220526155653.jpg,Uae,3.7
182,"Exquisite Arabian Adventure - Dubai, Abu Dhabi & Doha",Dubai(3N) →   Doha(3N),6 Nights / 7 Days,17100000,https://d27k8xmh3cuzik.cloudfront.net/wp-content/uploads/2017/08/dubai-getting-around.jpg,Uae,2.2
183,Exquisite Arabian Adventure - 6 Nights/7 Days,Dubai(3N) →  Doha(3N),6 Nights / 7 Days,14125000,https://www.holidify.com/images/cmsuploads/compressed/30214916668eed51a4c7ao_20220914193628.jpg,Uae,3
184,10 Days 9 Nights Mauritius Dubai Holiday Package,Mauritius(6N) →  Dubai(3N),9 Nights / 10 Days,28675000,https://www.holidify.com/images/cmsuploads/compressed/1838118373953517238060688967324910791874483n_20220713204200.jpeg,Uae,2
185,Best of Dubai Tour Package for 6 Days,Dubai(5N),5 Nights / 6 Days,12700000,https://www.holidify.com/images/cmsuploads/compressed/13961301105_feffe8d1b7_o_20190708123614.jpg,Uae,4.9
186,Andaman Island Trip Package - Snorkeling at Elephant Beach,Port Blair(2N) →  Havelock(2N) →  Neil Island(2N) → Port Blair(1N),7 Nights / 8 Days,9325000,https://www.holidify.com/images/bgImages/ANDAMAN-NICOBAR-ISLANDS.jpg,India,3.1
187,Kerala Munnar Tour Package with Thekkady,Kochi(0N) →  Munnar(2N) →  Thekkady(1N) →  Alleppey(1N),4 Nights / 5 Days,5925000,https://www.holidify.com/images/cmsuploads/compressed/shutterstock1993000271_20230529141742.jpg,India,3.8
188,Manali Volvo Tour Package - Excursion to Solang Valley,Manali(3N),3 Nights / 4 Days,1900000,https://media.holidify.com/images/cmsuploads/compressed/pexels-photo-443446_20241211160107.jpeg,India,4.6
189,Srinagar Package for 4 Nights with Sonamarg Excursion,Pahalgam(1N) →  Gulmarg(1N) →  Srinagar(2N) →  Sonamarg (0N),4 Nights / 5 Days,6275000,https://media.holidify.com/images/cmsuploads/compressed/Untitleddesign12_20240401122022.png,India,2.2
190,Jaipur Jodhpur Udaipur Tour Package - Pearls of Rajasthan,Jaipur(2N) →  Jodhpur(1N) →  Udaipur(2N),5 Nights / 6 Days,5925000,https://www.holidify.com/images/cmsuploads/compressed/shutterstock_163064246_20200123124446.png,India,2.7
191,Ladakh 7 Days Itinerary - Summer Holiday Package with Nubra & Pangong Stay,Leh (2N) →   Pangong Lake (1N) →   Leh (1N) →   Nubra Valley (1N) →   Leh (1N),6 Nights / 7 Days,8750000,https://www.holidify.com/images/cmsuploads/compressed/shutterstock2133349027_20230601140346.jpg,India,2.7
192,Darjeeling Tour Package for Family:  Gangtok & Kalimpong,Siliguri(0N) →  Gangtok(2N) →  Kalimpong(1N) →  Darjeeling(2N),5 Nights / 6 Days,6750000,https://www.holidify.com/images/compressed/5677.jpg,India,2.4
193,Spiti Valley in 1 Week: Breathtaking Kinnaur & Spiti,Shimla(1N) →  Sangla(1N) →  Kalpa(1N) →  Tabo(1N) →  Kaza(2N) →  Manali(1N),7 Nights / 8 Days,11450000,https://www.holidify.com/images/cmsuploads/compressed/Tabo-Village-Spiti-Valley_20210903170420.jpg,India,5
194,Shimla Manali Dharamshala Dalhousie Tour Package - Day trip to Khajjiar,Shimla(2N) →  Manali(3N) →  Dharamshala(2N) →  Dalhousie(2N) →  Amritsar(1N),10 Nights / 11 Days,9875000,https://www.holidify.com/images/cmsuploads/compressed/Manali1_20230411162122.jpg,India,3.1
195,Guwahati Shillong Meghalaya Tour Packages,Shillong(3N) →  Cherrapunji(2N) →  Guwahati(1N),6 Nights / 7 Days,7225000,https://www.holidify.com/images/bgImages/GUWAHATI.jpg,India,3.7
196,Best Arunachal Pradesh Tour Packages Including Bhalukpong,Guwahati(1N) →  Bhalukpong(1N) → Dirang(1N) → Bomdila(1N) →  Tawang(2N) → Tezpur(1N),7 Nights / 8 Days,9175000,https://www.holidify.com/images/cmsuploads/compressed/shutterstock_728731177_20190702181123.jpg,India,5
197,Uttarakhand 5 Day Itinerary: Corbett National Park & Rishikesh,Delhi (0N) →  Jim Corbett National Park(2N) → Rishikesh(2N),4 Nights / 5 Days,5925000,https://www.holidify.com/images/cmsuploads/compressed/46357125644_a20cf2953e_z_20190222165726.jpg,India,4.4
198,Char Dham Yatra Family Tour Package,Delhi(0N) →  Haridwar(1N) →  Barkot(2N) →  Yamountri(0N) →  Uttarkashi(2N) →  Gangotri(0N) →   Guptakashi(2N) →  Badrinath(1N) →  Rudraprayag(1N),9 Nights / 10 Days,14700000,https://www.holidify.com/images/cmsuploads/compressed/badrinathdham_20210519141125.jpg,India,2.7
199,Coorg Wayanad Hill Station Tour Package,Bangalore(0N) →  Coorg(2N) →  Wayanad(2N),4 Nights / 5 Days,4225000,https://www.holidify.com/images/cmsuploads/compressed/shutterstock1594698970_20230529143651.jpg,India,2.3
200,India Tour Package of Golden Triangle with Jaisalmer,Delhi(1N) →  Agra(1N) →  Jaipur(2N) →  Jaisalmer(2N) →  Delhi(1N),7 Nights / 8 Days,9025000,https://www.holidify.com/images/cmsuploads/compressed/1472022292_3337738880_dbf6de25b7_o.jpg_20181227201246.jpg,India,2.8
201,Sikkim Tour Package for 7 Days with  Tsomgo Lake,Siliguri(0N) →  Gangtok(2N) →  Pelling(2N) →  Darjeeling(2N),6 Nights / 7 Days,7900000,https://d27k8xmh3cuzik.cloudfront.net/wp-content/uploads/2019/01/Sikkim.jpg,India,4.2
202,"Best India Tour Package - Shimla, Kullu and Manali",Shimla(2N) →  Manali(3N),5 Nights / 6 Days,3700000,https://www.holidify.com/images/cmsuploads/compressed/shutterstock1115146856_20230524123533.jpg,India,4.6
203,Kashmir Tour Package 6 Nights 7 Days - Complimentary Photoshoot,Srinagar Houseboat(1N) →  Pahalgam(2N) →  Srinagar(3N) →  Sonamarg(0N) →  Gulmarg(0N),6 Nights / 7 Days,11725000,https://media.holidify.com/images/cmsuploads/compressed/Untitleddesign12_20240401122022.png,India,2.4
204,Best Himachal Pradesh Tour Packages,Shimla(2N) →  Manali(2N) →  Kullu(1N) →  Dharamshala(1N) →  Dalhousie(2N) →  Amritsar(1N),9 Nights / 10 Days,7625000,https://www.holidify.com/images/cmsuploads/compressed/shutterstock_528582352_20191104000109.jpg,India,2
205,Budget  Escape to Andaman Tour Package,Port Blair(2N) →  Neil Island(1N) →  Havelock(2N) →  Port Blair(1N),6 Nights / 7 Days,7900000,https://www.holidify.com/images/cmsuploads/compressed/shutterstock577561426_20230523144746.jpg,India,4.5
206,Best Leh Ladakh Tour Packages - 7 Nights & 8 Days,Leh(3N)  →  Nubra Valley(1N) →  Pangong Lake(1N) →  Leh(2N),7 Nights / 8 Days,11575000,https://www.tripcrafters.com/agent/trip_photos/Ladakh1395914504.jpg,India,2.1
207,Spiti Valley Tour from Manali,Chandertal(1N) →  Kaza(1N) →  Tabo(1N) →  Kaza(1N),4 Nights / 5 Days,6500000,https://www.holidify.com/images/compressed/dest_pixa_22279.jpg,India,2.4
208,"5 Days Trip in India: Alleppey, Kovalam & Munnar",Kochi (0N) →  Munnar(2N) →  Alleppey(1N) →  Kovalam(1N),4 Nights / 5 Days,5325000,https://www.holidify.com/images/cmsuploads/compressed/shutterstock_504337015_20190705171629.jpg,India,4
209,Best North Sikkim Tour Package,Gangtok(2N) →  Lachen(1N) →  Lachung(1N) →  Gangtok(1N),5 Nights / 6 Days,6975000,https://media.holidify.com/images/cmsuploads/compressed/shutterstock1184380870_20241004175218.jpg,India,3.7
210,Kinnaur Spiti Tour Package: Short Trek to Kamru Fort,Narkanda(1N) →  Sangla(1N) →  Kalpa(1N) →  Tabo(1N) →  Kaza(2N) →  Chandertal(1N) →  Manali(1N),8 Nights / 9 Days,11825000,https://www.holidify.com/images/cmsuploads/compressed/shutterstock1773424715_20230609150102.jpg,India,3.9
211,3 Days Tour Package in India: Char Dham Yatra By Helicopter,Dehradun(0N) →  Haridwar(1N) →  Harsil(1N),2 Nights / 3 Days,46650000,https://www.holidify.com/images/bgImages/KEDARNATH.jpg,India,2
212,7 Days North East India Tour Packages with Kaziranga & Dawki River,Guwahati (0N) →  Kaziranga National Park(1N) → Shillong(2N) → Cherrapunji(2N) → Guwahati(1N),6 Nights / 7 Days,8175000,https://www.holidify.com/images/cmsuploads/compressed/shutterstock_745023247_20190702181308.jpg,India,3.5
213,Luxury India Honeymoon Tour Package - Tri-City Tour,Jaipur(2N) →  Jodhpur(1N) →  Jaisalmer(2N) →  Jodhpur(1N),6 Nights / 7 Days,14375000,https://www.holidify.com/images/cmsuploads/compressed/shutterstock_1267308565_20190823104713.jpg,India,3.5
214,"Nainital, Kausani and Ranikhet Delight Tour Package",Delhi(0N) →  Nainital(2N) →  Kausani(1N) →  Ranikhet(1N),4 Nights / 5 Days,4075000,https://www.holidify.com/images/compressed/2176.jpg?v=1.1,India,2
215,Exciting Dharamshala & Dalhousie 5 Nights Tour,Dharamshala(3N) →  Dalhousie(2N),5 Nights / 6 Days,6075000,https://d27k8xmh3cuzik.cloudfront.net/wp-content/uploads/2017/11/acj-2211-most-romantic-honeymoon-destinations-in-india-29.jpg,India,4.2
216,Sikkim Tour Package for 7 Days with Rafting,Gangtok(2N) →  Lachen(1N) →  Lachung(1N) →  Gangtok(1N) →  Zuluk(1N),6 Nights / 7 Days,8175000,https://www.holidify.com/images/cmsuploads/compressed/shutterstock2009672414_20230531160212.jpg,India,3
217,Kashmir 8 Days Itinerary: Enthralling Trip with Srinagar Houseboat Stay,Srinagar Houseboat(2N) →  Gulmarg(2N) →  Pahalgam(1N) →  Srinagar(2N) →  Sonamarg(0N),7 Nights / 8 Days,9600000,https://media.holidify.com/images/cmsuploads/compressed/free-photo-of-sonamarg-thajwas-glacier_20240401123643.jpeg,India,4.8
218,3 Nights 4 Days Package in India: Beautiful Rajasthan Tour,Jodhpur(1N) →  Jaisalmer(2N) →  Jodhpur(0N),3 Nights / 4 Days,4500000,https://www.holidify.com/images/bgImages/JODHPUR.jpg,India,3.9
219,Best Kerala Tour Packages for Family,Kochi(2N) →  Munnar(2N) →  Thekkady(1N) →  Kumarakom(1N),6 Nights / 7 Days,6925000,https://www.holidify.com/images/cmsuploads/compressed/11_20200226103703.jpg,India,3.2
220,Andaman Frugal Escapes: 4N/5D Tour Package,Port Blair(2N) →  Havelock(2N),4 Nights / 5 Days,4950000,https://media.holidify.com/images/cmsuploads/compressed/island-24822001280_20240812155604.jpg,India,4.5
221,Manali Kasol Tour Package with Night Camping,Manali(3N) →  Kasol(1N),4 Nights / 5 Days,4350000,https://www.holidify.com/images/cmsuploads/compressed/IMG_0371_20211112203554.jpg,India,3.9
222,Sikkim Tour Package for 5 Days,Gangtok(2N) → Lachen(1N) → Lachung(0N) →  Gangtok(1N),4 Nights / 5 Days,5350000,https://www.holidify.com/images/cmsuploads/compressed/Yumthang-flower-valley_20210521144506.jpg,India,4.2
223,Leh Ladakh 9 Day Itinerary with Tso Moriri,Leh (4N) →   Pangong Lake (0N) →   Nubra Valley (1N) →   Leh (1N) →   Tso Moriri (1N) →  Leh (1N),8 Nights / 9 Days,12000000,https://www.holidify.com/images/cmsuploads/compressed/22612041358_4a9fec35d2_b_20190403172758.jpg,India,5
224,Kashmir Tour Package 9 Days with Gondola Ride,Srinagar Houseboat(2N) →  Gulmarg(2N) → Pahalgam(2N) →  Aru and Behtab Valley(0N) → Srinagar(2N),8 Nights / 9 Days,12850000,https://d27k8xmh3cuzik.cloudfront.net/wp-content/uploads/2015/12/srinagar.jpg,India,2.4
225,"Himachal Pradesh Itinerary: Dalhousie, Dharamshala, Shimla & Manali",Shimla(2N) →  Manali(3N) →  Dharamshala(1N) →  Dalhousie(2N),8 Nights / 9 Days,5500000,https://www.holidify.com/images/cmsuploads/compressed/shutterstock1232199547_20230608163143.jpg,India,3.3
226,Udaipur Jaisalmer Tour Package: Luxury Rajasthan Edition,Jaipur(2N) →  Jaisalmer(2N) →  Udaipur(2N),6 Nights / 7 Days,9175000,https://www.holidify.com/images/cmsuploads/compressed/9Udaipur1_20221026111555.jpg,India,3.7
227,Shillong Tawang Tour Package - Jewels of North East India with Kaziranga & Dirang,Shillong(2N) →  Kaziranga National Park(2N) →  Dirang(1N) →  Tawang(2N) →  Bomdila(1N) →  Guwahati(1N),9 Nights / 10 Days,15600000,https://www.holidify.com/images/cmsuploads/compressed/shutterstock_1191237841_20200320174612.jpg,India,3.2
228,Explore Assam and Meghalaya: 8-Day Adventure from Guwahati to Kaziranga,Guwahati(1N) →  Shillong(3N) →  Kaziranga National Park(2N) →  Guwahati(1N),7 Nights / 8 Days,10025000,https://www.holidify.com/images/cmsuploads/compressed/acj-1910-kaziranga-national-park-5_20190619174032.jpg,India,2.2
229,6 Nights Himachal Tour Package with Triund Trek,Shimla(2N) →  Manali(2N) →  Mcleodganj(2N),6 Nights / 7 Days,8475000,https://www.holidify.com/images/bgImages/MANALI.jpg,India,4
230,Shimla Manali Tour Package 4 Nights 5 Days,Shimla(2N) →  Manali(2N),4 Nights / 5 Days,5075000,https://media.holidify.com/images/cmsuploads/compressed/shutterstock1049679770_20241009182258.jpg,India,4.7
231,Majestic Himalayas Honeymoon Special Package,Shimla(2N) →  Manali(3N) →  Dharamshala(1N) →  Dalhousie(2N) →  Amritsar(1N),9 Nights / 10 Days,8900000,https://www.holidify.com/images/cmsuploads/compressed/People-in-nature-photograph-sky-water-travel-happy-tourism-photography-fun-cloud-vacation-leisure-summer-mountain-hill-stock-photography-love-sunlight-mountain-range-1559779_20210915115621.jpg,India,5
232,National Parks of Assam Tour Package,Guwahati(0N) →  Manas National Park(2N) →  Nameri National Park(2N) →  Kaziranga National Park(2N),6 Nights / 7 Days,8725000,https://www.holidify.com/images/bgImages/MANAS-NATIONAL-PARK.jpg,India,4.8
233,Luxury Train Journey: Deccan Odyssey - Indian Sojourn,Train(7N) →  Mumbai(0N) →  Vadodara(0N) →  Udaipur(0N) →  Jodhpur(0N) →  Jaisalmer(0N) →  Delhi(0N) →  Sawai Madhopur(0N) →  Jaipur(0N) →  Agra(0N),7 Nights / 8 Days,141075000,https://www.holidify.com/images/cmsuploads/compressed/indian-odyssey-journey_20230725151816.jpg,India,4.3
234,Sikkim Tour Package for Couple - 8 Nights,Gangtok(2N) →  Lachung(1N) →  Gangtok(1N) →  Pelling(2N) →  Darjeeling(2N),8 Nights / 9 Days,13000000,https://www.holidify.com/images/compressed/attractions/attr_512.jpg?v=1.1,India,5
235,Adventurous North India Tour Package,Shimla(2N) →  Manali(3N) →  Dharamshala(1N) →  Dalhousie(2N) →  Chandigarh(1N),9 Nights / 10 Days,9450000,https://www.holidify.com/images/cmsuploads/compressed/76_20210504125612.jpg,India,2.4
236,4 Nights 5 Days Exciting Nepal Tour Package,Kathmandu(1N) → Pokhara(2N) →  Kathmandu(1N),4 Nights / 5 Days,6625000,https://www.tripcrafters.com/agent/trip_photos/pok21682673398.jpg,Nepal,4.2
237,4 Nights 5 Days Nepal Package,Kathmandu(1N) →  Pokhara(2N) →  Kathmandu(1N),4 Nights / 5 Days,4650000,https://www.holidify.com/images/bgImages/POKHARA.jpg,Nepal,2.7
238,Best Nepal Tour Package - Kathmandu & Pokhara With Nagarkot,Kathmandu(3N) →  Nagarkot(1N) →  Pokhara(2N),6 Nights / 7 Days,6425000,https://www.holidify.com/images/bgImages/KATHMANDU.jpg,Nepal,2.2
239,Kathmandu & Pokhara Tour Package,Kathmandu(1N) →  Pokhara(2N) → Kathmandu(1N),4 Nights / 5 Days,4375000,https://www.holidify.com/images/compressed/dest_wiki_12947.jpg,Nepal,4.1
240,3 Nights 4 Days Five Star Luxury Tour Package(Minimum-2 Person),Kathmandu(3N),3 Nights / 4 Days,6925000,https://www.holidify.com/images/cmsuploads/compressed/View_of_Kathmandu_Valley_20200129115920.jpg,Nepal,4.4
241,Nepal Tour by Deluxe Sofa Bus 6 Night 7 Days,Kathmandu(3N) →  Chitwan National Park(2N) →  Pokhara(1N),6 Nights / 7 Days,6675000,https://www.holidify.com/images/cmsuploads/compressed/shutterstock760824040_20230601160417.jpg,Nepal,2.4
242,4 Nights 5 Days Kathmandu Package with Nagarkot,Kathmandu(3N) → Nagarkot(1N),4 Nights / 5 Days,4475000,https://www.holidify.com/images/cmsuploads/compressed/shutterstock_647026006_20190822122032.jpg,Nepal,3.1
243,Experience Nepal in 5 Nights Holiday Tour Package,Raxaul(0N) → Kathmandu(2N) → Nagarkot(1N) → Pokhara(2N) →,5 Nights / 6 Days,5350000,https://www.holidify.com/images/compressed/dest_pixa_18189.jpg,Nepal,4.5
244,3 Nights 4 Days Nepal Package: Kathmandu and Nagarkot,Kathmandu(2N) →  Nagarkot(1N),3 Nights / 4 Days,3950000,https://www.holidify.com/images/cmsuploads/compressed/shutterstock_767618218_20190610163428.jpg,Nepal,2.2
245,Best of Nepal Tour Package 8N/9D,Kathmandu(3N) → Pokhara(2N) → Chitwan National Park(2N) →  Nagarkot(1N),8 Nights / 9 Days,10425000,https://www.holidify.com/images/bgImages/KATHMANDU.jpg,Nepal,3
246,3 Night 4 Days Nepal Tours,Kathmandu(2N) → Nagarkot(1N),3 Nights / 4 Days,3525000,https://www.tripcrafters.com/agent/trip_photos/ktm5.jpg,Nepal,2.4
247,6 Night 7 Days Nepal View Tours,Kathmandu(2N) → Nagarkot(1N) → Chitwan National Park(1N) → Pokhara(2N),6 Nights / 7 Days,6075000,https://www.tripcrafters.com/agent/trip_photos/nag06.jpg,Nepal,4.3
248,Kathmandu Explorer - Hyatt Regency Casino Package,Kathmandu(3N),3 Nights / 4 Days,8325000,https://www.holidify.com/images/cmsuploads/compressed/shutterstock_627150563_20190822130709_20190822154343.jpg,Nepal,3.5
249,Muktinath Tours 5 Night 6 days Package,Kathmandu(1N) → Jomsom(1N) → Pokhara(1N) → Kathmandu(1N),5 Nights / 6 Days,6625000,https://www.tripcrafters.com/agent/trip_photos/poklake1 - Copy.jpg,Nepal,4.4
250,6 Night 7 Days Nepal Tour Group Package( Minimum 3 person),Gorakhpur(0N) → Chitwan National Park(1N) → Janakpur(1N) →  Kathmandu(2N) → Pokhara(2N),6 Nights / 7 Days,9750000,https://www.holidify.com/images/bgImages/KATHMANDU.jpg,Nepal,4.8
251,Nepal Minimum Group Size-4 Person Tour Package (Pickup- Gorakhpur and Drop at Sitamarhi),Gorakhpur(0N) → Lumbini(1N) → Chitwan National Park(1N) → Pokhara(2N) → Kathmandu(2N) → Nagarkot(1N) →  Kathmandu(1N) → Janakpur(1N),9 Nights / 10 Days,9750000,https://media.holidify.com/images/cmsuploads/compressed/nagarkot_20241028164833.jpg,Nepal,3.8
252,5 Nights 6 Days Nepal Tour Itinerary - Manakamana Temple Visit,Nagarkot(1N) →  Pokhara(2N) →  Kathmandu(2N),5 Nights / 6 Days,7050000,https://www.holidify.com/images/cmsuploads/compressed/shutterstock2200724697_20230601155552.jpg,Nepal,3
253,Nepal Honeymoon Package With Candle Lit Dinner at Nepali Restaurant,Nagarkot(1N) →  Pokhara(2N) →  Kathmandu(3N),6 Nights / 7 Days,6800000,https://www.holidify.com/images/cmsuploads/compressed/shutterstock_363608237_20190603115157.jpg,Nepal,4.2
254,Nepal Kathmandu Tour: Super Saver Package for 5 Nights,Kathmandu(2N) →  Pokhara(2N) →  Kathmandu(1N),5 Nights / 6 Days,5875000,https://www.holidify.com/images/cmsuploads/compressed/monkey-temple-day-tour-1024x711_20190716165253.jpg,Nepal,4.6
255,Amazing Nepal Tour Package with Lumbini Sightseeing,Lumbini(1N) →  Pokhara(2N) →  Kathmandu(2N) →  Chitwan National Park(1N) →  Gorakhpur(1N),7 Nights / 8 Days,13600000,https://www.holidify.com/images/bgImages/LUMBINI.jpg,Nepal,3.7
256,Religious Nepal Tour including Jomsom & Janakpur,Kathmandu(1N) →  Pokhara(2N) →  Jomsom(1N) →  Pokhara(1N) →  Janakpur(1N) →  Kathmandu(1N),7 Nights / 8 Days,8750000,https://www.holidify.com/images/bgImages/JANAKPUR.jpg,Nepal,2.9
257,"Nepal Wildlife Tour including Elephant Safari, Canoe Ride & More",Kathmandu(2N) →  Chitwan National Park(2N) →  Kathmandu(2N),5 Nights / 6 Days,5775000,https://www.holidify.com/images/cmsuploads/compressed/Chitwan_Nepal_national_Park3_20190312122246.jpg,Nepal,4.3
258,Amazing Nepal Honeymoon Package with Paragliding and Jungle Safari,Lumbini(1N) →  Pokhara(2N) →  Kathmandu(2N) →  Chitwan National Park(1N) →  Gorakhpur(1N),7 Nights / 8 Days,13600000,https://d27k8xmh3cuzik.cloudfront.net/wp-content/uploads/2018/08/shutterstock_380882257.jpg,Nepal,2.2
259,Tour Packages for Kathmandu Nepal: 7 Nights 8 Days Special Adventure,Kathmandu(3N) →  Chitwan National Park(2N) →  Pokhara(2N),7 Nights / 8 Days,8175000,https://www.holidify.com/images/cmsuploads/compressed/Kathmandu_10_20190312122409.jpg,Nepal,4.8
260,"Family Feista at Kathmandu, Pokhara and Chitwan",Kathmandu (2N) →  Pokhara (2N) →  Chitwan (1N) →  Kathmandu (1N),6 Nights / 7 Days,4375000,https://www.holidify.com/images/cmsuploads/compressed/shutterstock_1163823799_20190603120611.jpg,Nepal,3.2
261,Pokhara Sightseeing Tour Package,Pokhara(2N),2 Nights / 3 Days,1400000,https://www.holidify.com/images/cmsuploads/compressed/shutterstock_514805992_20190822142417.jpg,Nepal,2.9
262,Nepal Pokhara Tour Package With Chitwan Jungle Safari,Kathmandu(3N) →  Pokhara(2N) →  Chitwan National Park(2N) →  Nagarkot(1N),8 Nights / 9 Days,12150000,https://www.holidify.com/images/cmsuploads/compressed/16979128329_37044d8a94_k(2)_20181013194237_20181013194252.jpg,Nepal,3.4
263,Majestic Pokhara Package: Boating on Phewa Lake Included,Pokhara(3N),3 Nights / 4 Days,4250000,https://www.holidify.com/images/cmsuploads/compressed/42619307341_82236464ed_b_20181003211533.jpg,Nepal,3.6
264,2 Nights 3 Days Kathmandu Package With Full Day Exploration,Kathmandu(2N),2 Nights / 3 Days,3275000,https://www.holidify.com/images/cmsuploads/compressed/shutterstock_141567028_20190822131150.jpg,Nepal,2.9
265,Everest Special Nepal Package,Kathmandu(2N) →  Bhaktapur(1N) →  Nagarkot(1N) →  Kathmandu(1N),5 Nights / 6 Days,8475000,https://www.holidify.com/images/cmsuploads/compressed/shutterstock_347564906_20190603121129.jpg,Nepal,2.4
266,Adventure Tour Package to Nepal and Bhutan,Kathmandu(1N) →  Pokhara(2N) →  Chitwan National Park(2N) →  Thimphu(1N) →  Paro(2N),8 Nights / 9 Days,21375000,https://www.holidify.com/images/cmsuploads/compressed/takshang-669959_1280_20190805152841.jpg,Nepal,2.3
267,Nepal Adventure Tour Package: Rafting & Hiking,Kathmandu(2N) →  Bandipur(1N) →  Pokhara(2N) →  Kathmandu(1N),6 Nights / 7 Days,7200000,https://www.holidify.com/images/cmsuploads/compressed/765694516830d77c5dbao_20211022130209.jpg,Nepal,4.3
268,Romantic Getaway Nepal Package - Kathmandu and Nagarkot,Kathmandu(2N) →  Nagarkot(1N),3 Nights / 4 Days,5550000,https://www.holidify.com/images/cmsuploads/compressed/shutterstock_465237530_20190619123049.jpg,Nepal,3.6
269,Nepal and Bhutan Tour Package 5 Nights 6 Days,Kathmandu(2N) →  Paro(0N) →   Thimpu(1N) →  Punakha(1N) →  Paro(1N),5 Nights / 6 Days,16375000,https://www.holidify.com/images/cmsuploads/compressed/Bagmati_River2C_1950_-_1955_20190718165739.jpg,Nepal,3
270,Nepal Itinerary 7 Days: Grand Tour Package,Kathmandu(2N) →  Chitwan(1N) →  Pokhara(2N) →  Nagarkot(1N),6 Nights / 7 Days,7050000,https://www.holidify.com/images/cmsuploads/compressed/shutterstock757543819_20230609130719.jpg,Nepal,2.6
271,"Nepal 7 Days Tour Package - Kathmandu, Pokhara and Lumbini Tour",Kathmandu(2N) →  Pokhara(1N) →  Lumbini(2N) →  Kathmandu(1N),6 Nights / 7 Days,10025000,https://www.holidify.com/images/cmsuploads/compressed/shutterstock_1418650271_20190610172035.jpg,Nepal,3.8
272,"Pilgrimage Perfect Package - Kathmandu, Pokhara and Muktinath",Kathmandu(1N) →  Pokhara(1N) →  Muktinath(1N) →  Pokhara(1N) →  Kathmandu(1N),5 Nights / 6 Days,5150000,https://www.holidify.com/images/cmsuploads/compressed/shutterstock_1069556519_20190603121249.jpg,Nepal,2.1
273,"6 Nights in Nepal Value Package: Pokhara, Kathmandu & Chitwan",Kathmandu(1N) →  Pokhara(2N) →  Chitwan National Park(1N) →  Kathmandu(1N) →  Gorakhpur(1N),6 Nights / 7 Days,7050000,https://www.holidify.com/images/compressed/dest_wiki_12937.jpg,Nepal,4.6
274,Discover Nepal Holiday Tour Package: Chandragiri Hills With Cable Car Tickets Included,Kathmandu(2N) →  Pokhara(2N) →  Chitwan National Park(2N) →  Kathmandu(1N),7 Nights / 8 Days,10725000,https://www.holidify.com/images/cmsuploads/compressed/Chandragiricablecar_20181013201122_20181013201138.jpg,Nepal,2
275,Kailash Mansarovar Yatra via Kathmandu - 11 Nights 12 Days,Kathmandu(2N) →  Nepalgunj(1N) →  Purang(2N) →  Mansarovar Lake(1N) →  Darchen(1N) →  Mt Kailash(3N) →  Kathmandu(1N),11 Nights / 12 Days,53700000,https://www.holidify.com/images/cmsuploads/compressed/Tilicho_lake_Manang_20190716193310.jpg,Nepal,2.4
276,Nepal Tour Packages for Family: Jungle Safari in Chitwan Included,Pokhara(2N) →  Chitwan National Park(2N) →  Kathmandu(3N),7 Nights / 8 Days,7200000,https://www.holidify.com/images/cmsuploads/compressed/Nepalese_Tiger_20190829100119.jpg,Nepal,3.4
277,Panorama of North including Nepal Tour,Varanasi(1N) →  Bodh Gaya(1N) →  Patna(1N) →  Kushinagar(1N) →  Lumbini(1N) →  Lucknow(1N),6 Nights / 7 Days,10725000,https://www.holidify.com/images/foreign/compressed/overview_1484.jpg,Nepal,4.7
278,Lumbini & Kathmandu Tour Package,Kathmandu(2N) →  Lumbini(2N) →  Kathmandu(1N),5 Nights / 6 Days,8175000,https://www.holidify.com/images/cmsuploads/compressed/shutterstock1476206033_20230601155749.jpg,Nepal,4.4
279,Religous Voyage Nepal Package,Kathmandu (1N) →  Bhaktapur (1N) →  Pokhara(1N) →  Gorkha (1N) →  Muktinath (1N) →  Pokhara (1N) →  Kathmandu (1N),7 Nights / 8 Days,9700000,https://www.holidify.com/images/cmsuploads/compressed/shutterstock_748287520_20190603121328.jpg,Nepal,2.7
280,Mesmerising Nepal Holiday Package for 6 Nights,Kathmandu(3N) → Chitwan National Park(1N) → Pokhara(2N),6 Nights / 7 Days,6500000,https://www.holidify.com/images/cmsuploads/compressed/1024px-Gokyo_Lake_the_Paradise_20190614061921.jpg,Nepal,2
281,Best of Nepal: Kathmandu With Chandragiri Hills & Bhaktapur Excursion,Kathmandu(4N),4 Nights / 5 Days,5500000,https://www.holidify.com/images/cmsuploads/compressed/shutterstock_7736841461_20190822123644_20190822123859.jpg,Nepal,2.2
282,Nepal 7 Days Tour Package,Nagarkot(1N) →  Pokhara(2N) →  Kathmandu(3N),6 Nights / 7 Days,7050000,https://www.holidify.com/images/cmsuploads/compressed/shutterstock_1348497236_20190603115830.jpg,Nepal,4.1
283,Experience Majestic Nepal Tour Package in 8 Nights,Kathmandu(2N) →  Pokhara(2N) →  Chitwan National Park(2N) →  Nagarkot(1N) →  Kathmandu(1N),8 Nights / 9 Days,11725000,https://www.holidify.com/images/cmsuploads/compressed/nepal-pokhara_20191225171241.jpg,Nepal,3.9
284,4 Star Nepal Luxury Tour Package,Kathmandu(2N) →  Pokhara(1N) →  Chitwan National Park(3N) →  Kathmandu(1N),7 Nights / 8 Days,12425000,https://www.holidify.com/images/cmsuploads/compressed/shutterstock_366785876_20190806121549.jpg,Nepal,2.1
285,Nepal Itinerary 7 Days with Lumbini Visit,Kathmandu(1N) →  Pokhara(2N) →  Lumbini(1N) →  Kathmandu(2N),6 Nights / 7 Days,6925000,"https://www.holidify.com/images/cmsuploads/compressed/1024px-Lumbini_-_Buildings_and_Tree,_Lumbini_(9244148310)_20181001175034.jpg",Nepal,3.6
286,Saudi Arabia Tour Package,Riyadh(2N) →  Jeddah(2N),4 Nights / 5 Days,20625000,https://www.holidify.com/images/cmsuploads/compressed/Red_Sand_20220930142148.jpg,Saudi-arabia,2.7
287,Dammam Tour Package,Dammam(4N),4 Nights / 5 Days,14375000,https://www.holidify.com/images/cmsuploads/compressed/2441523176fe4b1737ffb_20220921163137.jpeg,Saudi-arabia,4.6
288,Riyadh Tour Package,Riyadh(3N),3 Nights / 4 Days,11875000,https://www.holidify.com/images/cmsuploads/compressed/pexels-photo-9822971_20221129153459.jpeg,Saudi-arabia,2.6
289,Jeddah Tour Package,Jeddah(3N),3 Nights / 4 Days,13850000,https://www.holidify.com/images/cmsuploads/compressed/5156545600106187c8d0ck_20220920154257.jpg,Saudi-arabia,3.5
290,7 Nights Umrah Package,Jeddah(0N) →  Makkah(4N) →  Madinah(3N),7 Nights / 8 Days,9875000,https://www.holidify.com/images/cmsuploads/compressed/640px-Great_Mosque_of_Mecca1_20221129172048.jpg,Saudi-arabia,2.3
291,Umrah Makkah Madinah Package,Jeddah(0N) →  Makkah(7N) →  Madinah(7N),14 Nights / 15 Days,19775000,https://www.holidify.com/images/cmsuploads/compressed/Madina-_20190507104706.jpg,Saudi-arabia,4.7
292,Group Tour Umrah Package with Mecca and Madinah,Jeddah(0N) →  Makkah(4N) →  Madinah(3N),7 Nights / 8 Days,7625000,https://www.holidify.com/images/cmsuploads/compressed/pexels-photo-4346403_20221129172336.jpeg,Saudi-arabia,2.4
293,Makkah & Madina Tour Package,Jeddah(0N) →  Makkah(5N) →  Madinah(5N),10 Nights / 11 Days,14125000,https://www.holidify.com/images/cmsuploads/compressed/Madinah_2468316816_20221129172705.jpg,Saudi-arabia,2.8
294,Religious Pilgrimage - Umrah Package,Jeddah(0N) →  Makkah(3N) →  Madinah(2N),5 Nights / 6 Days,7350000,https://www.holidify.com/images/cmsuploads/compressed/Makkah_Montage_20190507103305.jpg,Saudi-arabia,4.5
295,Fantastic 3 Nights in London,London(3N),3 Nights / 4 Days,12850000,https://www.holidify.com/images/foreign/compressed/overview_1462.jpg,England,2.4
296,Amazing 5 Day London Tour,London(5N),5 Nights / 6 Days,24000000,https://www.holidify.com/images/cmsuploads/compressed/photo-1486299267070-83823f5448dd_20200111154648.jpg,England,4.7
297,A Beautiful 6 Day Getaway to London & Paris,London(3N) →  Paris(3N),6 Nights / 7 Days,38600000,https://www.holidify.com/images/foreign/compressed/overview_1525.jpg,England,4.4
298,Discover The Gems of Europe - An Amazing 11 Day Tour,London(2N) →  Paris(2N) →  Switzerland(3N) →  Innsbruck(1N) →  Padova(1N) →  Tuscany(2N),11 Nights / 12 Days,61250000,https://www.holidify.com/images/foreign/compressed/overview_1525.jpg,England,3.5
299,Fantastic 4 Days Tour of London including Stonehenge,London(4N) →  Stonehenge(0N),4 Nights / 5 Days,18300000,https://www.holidify.com/images/cmsuploads/compressed/1024px-Palace_of_Westminster_from_the_dome_on_Methodist_Central_Hall_20190729150341.jpg,England,4.2
300,Best of Europe Group Tour Package for 10 Nights,London(1N) →  Paris(2N) →  Switzerland(3N) →  Innsbruck(1N) →  Venice(1N) →  Tuscany(2N),10 Nights / 11 Days,65275000,https://www.holidify.com/images/compressed/dest_wiki_13705.jpg,England,2.6
301,Romantic Europe Tour Package,London(0N) → Dover(0N) → Calais(0N) → Brussels(0N) → Mannheim(1N) → Heidelberg(0N) → Black Forest(0N) → Lucerne(3N) → Paris(2N),6 Nights / 7 Days,36600000,https://www.holidify.com/images/cmsuploads/compressed/paris1_20230517191808.jpg,England,2.8
302,18 Days Europe Tour Package,London(2N) → Paris(2N) → Brussels(0N) →  The Hague(1N) →  Amsterdam(0N) →  Cologne(1N) → Geneva(2N) → Lucerne(1N) → Innsbruck(1N) → Florence(2N) →  Vatican City(0N) → Barcelona(1N) → Valencia(1N) → Madrid(2N),17 Nights / 18 Days,76900000,https://www.holidify.com/images/compressed/dest_pixa_9904.jpg,England,2.5
303,"Europe Tour Package with France, Italy, Amsterdam and Switzerland",London(2N) → Amsterdam(2N) → Paris(3N) → Zurich(3N) → Milan(1N) → Venice(1N) → Florence(1N),13 Nights / 14 Days,64975000,https://www.holidify.com/images/compressed/dest_pixa_13339.jpg,England,4.1
304,Blissful  London & Edinburgh,London(2N) → Edinburgh(2N),4 Nights / 5 Days,15525000,https://www.holidify.com/images/cmsuploads/compressed/London-The_Shard_20190312122445.jpg,England,3.8
305,15 Days Europe Tour Package,London(2N →  Amsterdam(2N) → Paris(3N) → Zurich(3N) → Innsbruck(1N) → Venice(1N) → Florence(1N) → Rome(1N),14 Nights / 15 Days,66775000,https://www.holidify.com/images/compressed/dest_pixa_24604.jpg,England,3.7
306,Romantic European Honeymoon:London to the Swiss Alps,London(3N) → Amsterdam(2N) → Brussels(1N) → Paris(3N) → Engelberg(2N) → Zurich(1N),12 Nights / 13 Days,71250000,https://www.holidify.com/images/cmsuploads/compressed/tourist-couple-eyewear-glasses-vision-care-hat-1634253-pxhere.com_20211021133944.jpg,England,2.1
307,Scotland Honeymoon Package with London,London(2N) →  Glasgow(2N) →  Edinburgh(2N),6 Nights / 7 Days,36375000,https://www.holidify.com/images/cmsuploads/compressed/tower-bridge-thames-river-couple_20230320150656.jpg,England,2.5
308,"8-Day British Delight: London, Glasgow, and Edinburgh",London(2N) →  Glasgow(2N) →  Edinburgh(3N),7 Nights / 8 Days,39200000,https://www.holidify.com/images/foreign/compressed/overview_1349.jpg,England,3.3
309,Beautiful London & Amsterdam Tour Package,Amsterdam(2N) →  London(3N),5 Nights / 6 Days,31625000,https://www.holidify.com/images/cmsuploads/compressed/IMG_20170901_134521263_HDR_20171229184337.jpg,England,3.1
310,Great Tour of Ireland and England,Dublin (1N) →  Cork (1N) →  Limerick (1N) →  Galway(1N) →  Dublin(1N) →  Liverpool(1N) →  London(2N),8 Nights / 9 Days,49950000,https://www.holidify.com/images/cmsuploads/compressed/tralee-golf-club-1_20230503120229.jpg,England,2.8
311,"Best of Three Country Tour - England, Scotland and Ireland",London(2N) →  Edinburgh (2N) →  Dublin (2N) →  Cork(1N) →  Limerick(1N) →  Galway(1N) →  Dublin(1N),10 Nights / 11 Days,50850000,https://www.holidify.com/images/cmsuploads/compressed/ireland-cliffs-of-moher_20230503120445.jpg,England,3.6
312,Treasures of Ireland with London,London(3N) →  Belfast (2N) →  Dublin (3N),8 Nights / 9 Days,44325000,https://www.holidify.com/images/compressed/dest_pixa_7038.jpg,England,2.3
313,Ireland Tour Package - London and Dublin,London(2N) →  Dublin(2N),4 Nights / 5 Days,23750000,https://www.holidify.com/images/compressed/dest_wiki_4081.jpg,England,2.5
314,7 Days Tour of London and Dublin with Tour of Windsor Castle,London(4N) →  Stonehenge(0N) →  Dublin(3N),7 Nights / 8 Days,53650000,https://www.holidify.com/images/cmsuploads/compressed/stonehenge_20210924102655.jpg,England,3.8
315,"London, Edinburgh and Dublin - Ireland Tour Package",London(3N) →  Edinburgh (3N) →  Dublin (3N),9 Nights / 10 Days,26000000,https://www.holidify.com/images/compressed/dest_pixa_7026.jpg,England,2.7
316,"Summer in England, Scotland and Ireland Tour Package",London(3N) →  Manchester(1N) →  Gretna Green(1N) →  Glasgow(2N) →  Belfast (2N),9 Nights / 10 Days,56250000,https://www.holidify.com/images/compressed/dest_pixa_7012.jpg,England,2.8
317,Best Tour Package for Germany,Berlin(2N) →  Hannover(2N) →   Dusseldorf(2N) →   Frankfurt(2N) →  Nuremberg(2N) →  Munich(2N),12 Nights / 13 Days,28825000,https://www.holidify.com/images/cmsuploads/compressed/shutterstock_314149679_20200214094407.png,Germany,2.2
318,Essential Germany Tour Package,Berlin(2N) →  Cologne(2N) →   Frankfurt(2N) →   Stuttgart(2N) →  Munich(3N),11 Nights / 12 Days,22325000,https://www.holidify.com/images/foreign/compressed/overview_1274.jpg,Germany,4.9
319,Classic Germany Tour Package,Berlin(2N) →  Hamburg(2N) →  Munich(2N),6 Nights / 7 Days,18375000,https://www.holidify.com/images/foreign/compressed/overview_1584.jpg,Germany,3
320,Berlin to Cologne Exploration Tour Package,Berlin(2N) →  Munich(2N) →  Frankfurt(2N) →  Triberg(1N) →  Cologne(2N),9 Nights / 10 Days,23650000,https://www.holidify.com/images/cmsuploads/compressed/1024px-KC3B6lner_Dom_und_HohenzollernbrC3BCcke_AbenddC3A4mmerung_289706_7_829_20230714154150.jpg,Germany,3
321,Prague and Berlin Tour Package,Prague(3N) →  Berlin(2N),5 Nights / 6 Days,24875000,https://www.holidify.com/images/compressed/dest_pixa_18308.jpg,Germany,3.5
322,"Serene Berlin, Warsaw, Budapest and Vienna",Berlin(2N) → Warsaw(2N) → Krakow(2N) → Budapest(2N) → Bratislava(1N) → Vienna(2N),11 Nights / 12 Days,56175000,https://www.holidify.com/images/foreign/compressed/overview_1185.jpg,Germany,2
323,Northern Germany Adventure Tour Package,Hamburg(3N) →  Munich(2N),5 Nights / 6 Days,17225000,https://www.holidify.com/images/compressed/dest_wiki_10778.jpg,Germany,4.4
324,"A European Escape Including Paris, Netherlands and Frankfurt",Paris(3N) →  Brussels(0N) →  Netherlands(2N) →  Cologne(0N) →  Frankfurt(1N),6 Nights / 7 Days,19775000,https://www.holidify.com/images/cmsuploads/compressed/frankfurt-am-main-germany-g587a9c9711920_20211006103109.jpg,Germany,4.6
325,Romantic European Tour Package for 10 Nights,Paris(2N) →  Luxembourg City(1N) →  Freiburg(1N) →  Innsbruck(1N) →  Lucerne(2N) →  St. Moritz(1N) →  Milan(2N),10 Nights / 11 Days,31100000,https://d27k8xmh3cuzik.cloudfront.net/wp-content/uploads/2016/12/16-Eiffel-Tower-in-Paris.jpg,Germany,2.1
326,"European Delight - France, Belgium, Germany, Switzerland",Paris(2N) →  Brussels(1N) →  Cologne(1N) →  Lucerne(2N),6 Nights / 7 Days,20075000,https://www.holidify.com/images/compressed/dest_pixa_17473.jpg,Germany,4.8
327,Romantic Europe Tour Package,London(0N) → Dover(0N) → Calais(0N) → Brussels(0N) → Mannheim(1N) → Heidelberg(0N) → Black Forest(0N) → Lucerne(3N) → Paris(2N),6 Nights / 7 Days,36600000,https://www.holidify.com/images/foreign/compressed/overview_1123.jpg,Germany,2.7
328,Best of Western Europe in 7 Days,Paris(2N) → Brussels(1N) → Amsterdam(1N) → Frankfurt(1N) → Zurich(2N),7 Nights / 8 Days,32500000,https://www.holidify.com/images/compressed/dest_pixa_26497.jpg,Germany,3.1
329,Romantic Europe  Honeymoon Tour Package,Paris(2N) →  Zurich (3N) → Frankfurt(1N),6 Nights / 7 Days,23450000,https://www.holidify.com/images/cmsuploads/compressed/shutterstock1039116262_20230620130327.jpg,Germany,3.7
330,18 Days Europe Tour Package,London(2N) → Paris(2N) → Brussels(0N) →  The Hague(1N) →  Amsterdam(0N) →  Cologne(1N) → Geneva(2N) → Lucerne(1N) → Innsbruck(1N) → Florence(2N) →  Vatican City(0N) → Barcelona(1N) → Valencia(1N) → Madrid(2N),17 Nights / 18 Days,76900000,https://www.holidify.com/images/compressed/dest_pixa_9904.jpg,Germany,3.2
331,Grand Tour to Europe with Sightseeing Tours,Paris(2N) →  Amsterdam(2N) →  Berlin(1N) →  Prague(2N) →  Munich(1N) →  Zurich(2N),10 Nights / 11 Days,47775000,https://www.holidify.com/images/cmsuploads/compressed/prague-e1549285139261_20230426152329.jpg,Germany,2.2
332,10 Days Europe Tour Package with Cruise on the River Vltava,Budapest(2N) →  Vienna(2N) →  Prague(2N) →  Frankfurt(1N) →  Amsterdam(2N) →  Paris(2N),11 Nights / 12 Days,53425000,https://www.holidify.com/images/cmsuploads/compressed/Cruise-the-canals-of-Amsterdam_20230426200715.jpg,Germany,2.7
333,Classic East Europe Tour Package,Prague(2N) → Munich(2N) →  Salzburg(2N) →  Vienna(2N) → Budapest(2N),10 Nights / 11 Days,49225000,https://www.holidify.com/images/compressed/dest_pixa_587.jpg,Germany,3.1
334,Munich and Berlin Tour Package,Munich(3N) →  Berlin(3N),6 Nights / 7 Days,21675000,https://www.holidify.com/images/compressed/dest_wiki_10822.jpg,Germany,2.8
335,10-Day Germany and Norway Adventure,Munich(2N) →  Rothenburg(1N) →  Frankfurt(1N) →  Oslo(2N) →  Bergen(2N) →  Alesund (1N),9 Nights / 10 Days,48050000,https://www.holidify.com/images/cmsuploads/compressed/pexels-stein-egil-liland-16269801_20231106133221.jpg,Germany,4.9
336,Central Europe Tour Package,Frankfurt(1N) → Berlin(2N) → Warsaw(2N) → Krakow(2N) → Budapest(2N) → Vienna(2N) → Prague(2N) → Frankfurt (1N),14 Nights / 15 Days,61250000,https://www.holidify.com/images/compressed/dest_wiki_16996.jpg,Germany,3.3
337,Best of East Europe Tour Package,Berlin(2N) → Warsaw(2N) → Krakow(2N) → Budapest(2N) → Vienna(2N) → Prague(2N) → Berlin(1N),13 Nights / 14 Days,59300000,https://www.holidify.com/images/compressed/dest_pixa_3079.jpg,Germany,3.3
338,East Europe Tour Package,Berlin(2N) → Prague(2N) → Krakow(2N) → Vienna(1N) → Budapest(3N),10 Nights / 11 Days,40000000,https://www.holidify.com/images/compressed/dest_pixa_558.jpg,Germany,2.9
339,4 Nights 5 Days Tour Package,Prague(2N) →  Berlin(2N),4 Nights / 5 Days,17650000,https://www.holidify.com/images/foreign/compressed/overview_1678.jpg,Germany,3.9
340,Enchanting Prague Budapest Tour Package,Vienna(2N) → Budapest(1N) → Prague(2N) → Frankfurt (1N),6 Nights / 7 Days,30800000,https://www.holidify.com/images/compressed/dest_pixa_460.jpg,Germany,4.4
341,Capital Cities of Europe Tour Package,Berlin(2N) → Prague(2N) → Innsbruck(1N) → Kitzbuehel(1N) → Vienna(2N) → Budapest(1N),9 Nights / 10 Days,34900000,https://www.holidify.com/images/compressed/dest_pixa_3069.jpg,Germany,2.8
342,European Honeymoon Extravaganza 15 Night 16 Days Package,London(2N) →  Paris(3N) → Amsterdam(2N) → Mannheim(1N) → Innsbruck(1N) → Padova(1N) → Rome(1N) → Pisa(1N) → Engelberg(2N) → Zurich(1N),15 Nights / 16 Days,82550000,https://www.holidify.com/images/cmsuploads/compressed/shutterstock397098226_20230620144016.jpg,Germany,4.6
343,Best of East Coast USA Tour Package,New York City(2N) → Philadelphia(1N) → Washington D.C(1N) → Niagara Falls(2N),6 Nights / 7 Days,38650000,https://www.holidify.com/images/compressed/dest_pixa_5512.jpg,Usa,3.6
344,Memorable Honolulu Tour Package,Honolulu(4N),4 Nights / 5 Days,28650000,https://media.holidify.com/images/cmsuploads/compressed/honululu_20240705172433.jpg,Usa,4.7
345,Outstanding Utah Tour Package,St George(3N) → Salt Lake City(2N),5 Nights / 6 Days,34900000,https://www.holidify.com/images/bgImages/UTAH.jpg,Usa,4.3
346,Best of New York Tour Package,New York City(7N),7 Nights / 8 Days,44950000,https://www.holidify.com/images/foreign/compressed/overview_1609.jpg,Usa,4.6
347,Hawaiian Paradise Tour Package with Waikiki Beach,Honolulu(4N) → Kauai island(2N) → Maui(3N),9 Nights / 10 Days,71150000,https://www.holidify.com/images/bgImages/HAWAII.jpg,Usa,3.1
348,California and Nevada Adventure Tour Package,San Francisco(2N) → South Lake Tahoe(1N) → Fresno(2N) → Los Angeles(2N) → Las Vegas(3N),10 Nights / 11 Days,81950000,https://www.holidify.com/images/cmsuploads/compressed/california-2098328_960_720_20190828163425.jpg,Usa,2.7
349,East Coast American Adventure,New York City(2N) → Philadelphia(3N) → Washington(2N) → Niagara Falls(2N),7 Nights / 8 Days,42100000,https://www.holidify.com/images/foreign/compressed/overview_1858.jpg,Usa,2.5
350,Hawaiian Island Adventure,Honolulu(3N) → Kona(3N) → Kauai(2N) → Maui(2N),10 Nights / 11 Days,78875000,https://www.holidify.com/images/cmsuploads/compressed/lanikai_20210323122749.jpg,Usa,4.1
351,9-Days Florida Adventure Tour Package,Miami(2N) → Orlando(3N) → Bahamas Cruise(3N),8 Nights / 9 Days,76325000,https://www.holidify.com/images/compressed/dest_wiki_10219.jpg,Usa,4.6
352,9 Days USA Adventure Tour Package,Chicago(3N) → Houston(2N) → Denver(2N) → Rapid City (2N),9 Nights / 10 Days,69975000,https://www.holidify.com/images/compressed/dest_pixa_5515.jpg,Usa,2.5
353,7 Days 6 Nights Texas Tour Package,Houston(2N) → San Antonio(2N) → Dallas(2N),6 Nights / 7 Days,32350000,https://www.holidify.com/images/cmsuploads/compressed/Houston_night_20201127144735.jpg,Usa,3.9
354,Southern California Adventure Tour Package,Los Angeles(2N) → Anaheim & Buena Park(2N) → San Diego(3N) → Los Angeles(1N),8 Nights / 9 Days,66950000,https://www.holidify.com/images/foreign/compressed/overview_1728.jpg,Usa,4.9
355,8-Day East Coast USA Adventure Tour Package,New York(3N) → Washington DC(2N) → Niagara Falls NY(2N),7 Nights / 8 Days,41825000,https://www.holidify.com/images/cmsuploads/compressed/450639071755a61be04bc_20210310165114.jpg,Usa,3.7
356,Gala East Coast America Tour Package,New York(2N) → Washington DC(1N) → Harrisburg(1N) → Niagara Falls(2N),6 Nights / 7 Days,34350000,https://www.holidify.com/images/compressed/dest_wiki_12000.jpg,Usa,2.7
357,9-Day East Coast and Florida Adventure,New York(2N) → Washington DC(1N) →  Niagara Falls(1N) → Orlando(3N) → Miami(2N),9 Nights / 10 Days,69775000,https://www.holidify.com/images/compressed/dest_pixa_15368.jpg,Usa,4.5
358,Stunning Orlando and Miami Tour Package,Orlando(3N) → Miami(2N),5 Nights / 6 Days,39550000,https://www.holidify.com/images/compressed/dest_pixa_15380.jpg,Usa,4.9
359,East Coast to Midwest Adventure Tour Package,New York(2N) → Washington DC(1N) →  Niagara Falls(1N) → Chicago(2N) → Orlando(3N),9 Nights / 10 Days,68975000,https://www.holidify.com/images/compressed/dest_pixa_5542.jpg,Usa,4.3
360,Discover Washington D.C Tour Package,Washington DC(3N),3 Nights / 4 Days,21625000,https://www.holidify.com/images/compressed/dest_pixa_25423.jpg,Usa,2.4
361,Short Break to Las Vegas Tour Package,Las Vegas(3N),3 Nights / 4 Days,23375000,https://www.holidify.com/images/compressed/dest_pixa_12583.jpg,Usa,4
362,Enchanting America Tour Package,San Francisco(2N) → Los Angeles(2N) → Las Vegas(2N) → Niagara Falls(1N) → Harrisburg(1N) → Washington D.C(1N) → New Jersey(2N),11 Nights / 12 Days,84450000,https://www.holidify.com/images/cmsuploads/compressed/bellagiofountainshow_20210308104642.jfif,Usa,4.4
363,East USA Tour Package,New Jersey(2N) → Washington D.C(1N) → Buffalo(1N),4 Nights / 5 Days,24500000,https://www.holidify.com/images/foreign/compressed/overview_1858.jpg,Usa,3.5
364,Western Wonders of USA Tour Package,San Francisco(2N) → Mammoth Lakes(1N) → Los Angeles(2N) → Las Vegas(2N),7 Nights / 8 Days,47425000,https://www.holidify.com/images/cmsuploads/compressed/san-francisco-2361226_1280_20201124191724.jpg,Usa,2.5
365,6 Days 5 Nights Tour Package with Hershey’s Chocolate World Experience,Niagara Falls(1N) → Harrisburg(1N) → Washington D.C(1N) → New York(2N),5 Nights / 6 Days,43825000,https://www.holidify.com/images/foreign/compressed/overview_1607.jpg,Usa,2
366,Eastern Delights with Orlando Tour Package,Niagara Falls(1N) → Harrisburg(1N) → Washington D.C(1N) → New Jersey(2N) → Orlando(3N),8 Nights / 9 Days,54700000,https://www.holidify.com/images/compressed/dest_wiki_12226.jpg,Usa,4.2
367,Fun Filled Florida and Bahamas Cruise Tour Package,Miami(2N) → Orlando(4N) → Bahamas Cruise(3N),9 Nights / 10 Days,66950000,https://www.holidify.com/images/foreign/compressed/overview_1563.jpg,Usa,3
368,All of New York Tour Package,New York(4N),4 Nights / 5 Days,24500000,https://www.holidify.com/images/compressed/dest_wiki_11948.jpg,Usa,2.1
369,Wonderful West Coast Tour Package,Las Vegas(2N) → Los Angeles(1N) → Visalia(1N) → San Francisco(2N),6 Nights / 7 Days,45550000,https://www.holidify.com/images/foreign/compressed/overview_1727.jpg,Usa,3.5
370,Ultimate American Adventure Tour Package,San Francisco(2N) → Mammoth Lakes(1N) → Los Angeles(2N) → Las Vegas(2N) → Niagara Falls(1N) → Harrisburg(1N) → Washington D.C(1N) → New York(2N),12 Nights / 13 Days,85275000,https://www.holidify.com/images/compressed/dest_pixa_16679.jpg,Usa,3.2
371,Best of Orlando Tour Package with Royal Caribbean Cruise,Orlando(4N) → Bahamas Cruise(3N),7 Nights / 8 Days,47500000,https://www.holidify.com/images/foreign/compressed/overview_1064.jpg,Usa,3.9
372,"Panorama of Las Vegas, Los Angeles & San Francisco",Las Vegas(2N) → Los Angeles(2N) → San Francisco(2N),6 Nights / 7 Days,22450000,https://www.holidify.com/images/cmsuploads/compressed/Los_Angeles_with_Mount_Baldy_20201226103543.jpg,Usa,4.5
373,Super Saver America Tour Package,New Jersey(2N) → Washington D.C(1N) → Buffalo(1N) → Las Vegas(2N) → Los Angeles(2N) → San Francisco(2N),10 Nights / 11 Days,82425000,https://www.holidify.com/images/compressed/dest_pixa_12619.jpg,Usa,5
374,Magical USA Tour Package with Niagara Falls,Niagara Falls(1N) → Harrisburg(1N) → Washington D.C(1N) → New York(2N) → Orlando(3N),8 Nights / 9 Days,57600000,https://www.holidify.com/images/cmsuploads/compressed/HeroPortofino_20210217131257.jpeg,Usa,2.6
375,Western USA Adventure Tour with Yellowstone National Park,Las Vegas(3N) → Kanab(1N) → Moab(1N) → Salt Lake City(1N) → Yellowstone National Park(2N),8 Nights / 9 Days,69750000,https://www.holidify.com/images/cmsuploads/compressed/Dawn_on_the_S_rim_of_the_Grand_Canyon_28864517827229_20210311084034.jpg,Usa,4.8
376,Western USA with National Parks Tour Package,San Francisco(2N) → Los Angeles(2N) → Las Vegas(3N) → Kanab(1N) → Moab(1N) → Salt Lake City(1N) → Yellowstone National Park(2N),12 Nights / 13 Days,88500000,https://www.holidify.com/images/compressed/dest_pixa_25661.jpg,Usa,3.2
377,USA East Coast to West Coast Adventure Tour Package,Orlando(3N) → New Jersey(2N) → Washington D.C(1N) → Buffalo(1N) → Las Vegas(2N) → Los Angeles(2N) → San Francisco(2N),13 Nights / 14 Days,100875000,https://www.holidify.com/images/compressed/dest_pixa_12566.jpg,Usa,4.6
378,Florida Sunshine Adventure Tour Package,Orlando(5N) → Miami(2N) → Tampa(2N),9 Nights / 10 Days,68300000,https://www.holidify.com/images/compressed/dest_wiki_10219.jpg,Usa,4.3
379,17 Days Grand America Tour Package with Mexico,San Francisco(2N) → Los Angeles(2N) → Las Vegas(2N) → Niagara Falls(1N) → Harrisburg(1N) → Washington D.C(1N) → New Jersey(2N) → Mexico(2N) → Cancun(3N),16 Nights / 17 Days,109600000,https://www.holidify.com/images/compressed/dest_pixa_4675.jpg,Usa,4.6
380,All of America Tour Package,Orlando(3N) → Bahamas(4N) → New Jersey(2N) → Washington D.C(1N) → Buffalo(1N) → Las Vegas(2N) → Los Angeles(2N) → San Francisco(2N),18 Nights / 19 Days,114725000,https://media.holidify.com/images/cmsuploads/compressed/27492741871b2ddc952f3b_20240705154536.jpg,Usa,3.1
381,5 Days France Itinerary Including Disneyland,Paris(4N),4 Nights / 5 Days,13550000,https://www.holidify.com/images/foreign/compressed/overview_1625.jpg,France,3.7
382,Exotic Flavours of France Tour Package for 7 Nights,Paris(2N) →  Dijon(1N) →  Lyon(2N) →  Nice(2N),7 Nights / 8 Days,19225000,https://www.holidify.com/images/cmsuploads/compressed/sea-water-architecture-sky-sunset-boat-849749-pxhere.com_20211027140135.jpg,France,2.9
383,"European Delight - France, Belgium, Germany, Switzerland",Paris(2N) →  Brussels(1N) →  Cologne(1N) →  Lucerne(2N),6 Nights / 7 Days,20075000,https://www.holidify.com/images/compressed/dest_pixa_17473.jpg,France,3
384,"A European Escape Including Paris, Netherlands and Frankfurt",Paris(3N) →  Brussels(0N) →  Netherlands(2N) →  Cologne(0N) →  Frankfurt(1N),6 Nights / 7 Days,19775000,https://www.holidify.com/images/compressed/dest_pixa_17545.jpg,France,3.4
385,France and Spain Tour Packages - Best of Both Worlds,Paris(2N) →  Nice(2N) →  Barcelona(2N) →  Valencia(1N) →  Madrid(2N),9 Nights / 10 Days,36750000,https://www.holidify.com/images/cmsuploads/compressed/paris1_20230517191808.jpg,France,2.2
386,"Luxury European Holiday Package in Italy, France & Switzerland",Rome(1N) →  Venice(2N) →  Paris(2N) →  Interlaken(2N) →  Zermatt(1N) →  Lake Maggiore(1N),9 Nights / 10 Days,40975000,https://www.tripcrafters.com/agent/trip_photos/4-min.png,France,3.8
387,Experience Beautiful Paris in 4 Nights,Paris(4N),4 Nights / 5 Days,12700000,https://www.holidify.com/images/cmsuploads/compressed/landscape-sea-water-outdoor-architecture-sky-1068998-pxhere.com_20211027141428.jpg,France,2.2
388,A Delightful Tour of Paris on a Budget for 3 Nights,Paris(3N),3 Nights / 4 Days,6775000,https://www.holidify.com/images/compressed/dest_pixa_17473.jpg,France,4.5
389,Experience The Best of France in 8 Nights,Paris(2N) →  Lyon(2N) →  Nice(4N),8 Nights / 9 Days,16950000,https://www.holidify.com/images/cmsuploads/compressed/216941152c80102c656o_20211027135715.jpg,France,3.1
390,Romantic European Tour Package for 10 Nights,Paris(2N) →  Luxembourg City(1N) →  Freiburg(1N) →  Innsbruck(1N) →  Lucerne(2N) →  St. Moritz(1N) →  Milan(2N),10 Nights / 11 Days,31100000,https://d27k8xmh3cuzik.cloudfront.net/wp-content/uploads/2016/12/16-Eiffel-Tower-in-Paris.jpg,France,4.6
391,The Best of Paris & Switzerland in Seven Nights,Paris(3N) →  Engelberg/Zurich(4N),7 Nights / 8 Days,35875000,https://www.holidify.com/images/compressed/dest_pixa_17503.jpg,France,4.6
392,Experience Paris on a Budget in 4 Nights,Paris(4N),4 Nights / 5 Days,12700000,https://www.holidify.com/images/compressed/dest_pixa_17427.jpg,France,4.7
393,Paris and Switzerland Tour Packages,Paris(3N) →  Lucerne(2N) →  Zurich(1N),6 Nights / 7 Days,34025000,https://www.holidify.com/images/compressed/dest_pixa_17426.jpg,France,3.7
394,Amazing 3 Nights in Paris with a Disneyland Tour,Paris(3N),3 Nights / 4 Days,8875000,https://www.holidify.com/images/cmsuploads/compressed/Disneyland_20210419024759.jpg,France,2.1
395,"Super Saver Tour Package of Italy, France & Switzerland",Rome(3N) →  Arezzo(1N) →  Pisa(1N) →  Avignon(1N) →  Paris(1N) →  Lucerne(1N) →  Venice(1N),9 Nights / 10 Days,31100000,https://www.holidify.com/images/cmsuploads/compressed/the-grand-canal-in-venice_20211020155626.jpg,France,2.4
396,Dazzling Europe Tour Package for 9 Nights - Group Tour,Paris(2N) →  Switzerland(3N) →  Innsbruck(1N) →  Venice(1N) →  Tuscany(2N),9 Nights / 10 Days,36875000,https://www.holidify.com/images/compressed/dest_pixa_24688.jpg,France,2.9
397,Best of Europe Group Tour Package for 10 Nights,London(1N) →  Paris(2N) →  Switzerland(3N) →  Innsbruck(1N) →  Venice(1N) →  Tuscany(2N),10 Nights / 11 Days,65275000,https://www.holidify.com/images/compressed/dest_wiki_13705.jpg,France,2.5
398,Mesmerising Paris and Zurich Package for 5 Nights,Paris(3N) →  Zurich(2N),5 Nights / 6 Days,18375000,https://d27k8xmh3cuzik.cloudfront.net/wp-content/uploads/2018/08/shutterstock_380882257.jpg,France,3.1
399,"A European Extravaganza Including Paris, Rome, Zurich and More",Paris(2N) →  Zurich(3N) →  Innsbruck(1N) →  Venice(1N) →  Florence(1N) →  Rome(1N),9 Nights / 10 Days,56550000,https://www.holidify.com/images/compressed/dest_pixa_17550.jpg,France,2.2
400,Grand Europe Tour - Visit to Disneyland,Paris(3N) → Zurich(3N) → Innsbruck(1N) → Padova(1N) →  Rome(2N),10 Nights / 11 Days,37325000,https://www.holidify.com/images/compressed/dest_pixa_17486.jpg,France,4.8
401,Romantic Europe Tour Package,London(0N) → Dover(0N) → Calais(0N) → Brussels(0N) → Mannheim(1N) → Heidelberg(0N) → Black Forest(0N) → Lucerne(3N) → Paris(2N),6 Nights / 7 Days,36600000,https://www.holidify.com/images/cmsuploads/compressed/paris1_20230517191808.jpg,France,4.8
402,Discover The Gems of Europe - An Amazing 11 Day Tour,London(2N) →  Paris(2N) →  Switzerland(3N) →  Innsbruck(1N) →  Padova(1N) →  Tuscany(2N),11 Nights / 12 Days,61250000,https://www.holidify.com/images/foreign/compressed/overview_1622.jpg,France,3.4
403,France and Switzerland Tour Packages,Paris(2N) → Zurich(4N),6 Nights / 7 Days,28825000,https://www.holidify.com/images/compressed/dest_pixa_13324.jpg,France,3.8
404,Delightful France & Netherlands Tour for 5 Nights,Amsterdam(2N) →  Paris(3N),5 Nights / 6 Days,15250000,https://www.holidify.com/images/compressed/dest_pixa_17585.jpg,France,2.7
405,A Beautiful 6 Day Getaway to London & Paris,London(3N) →  Paris(3N),6 Nights / 7 Days,38600000,https://www.holidify.com/images/compressed/dest_pixa_17458.jpg,France,3.2
406,"Best Europe Tour Packages - Amsterdam, Paris and Zurich",Amsterdam(3N) → Paris(3N) → Zurich(4N),10 Nights / 11 Days,34475000,https://www.holidify.com/images/compressed/dest_pixa_13339.jpg,France,4.7
407,Romantic Europe  Honeymoon Tour Package,Paris(2N) →  Zurich (3N) → Frankfurt(1N),6 Nights / 7 Days,23450000,https://www.holidify.com/images/cmsuploads/compressed/shutterstock1039116262_20230620130327.jpg,France,4.2
408,"Europe Tour Package with France, Italy, Amsterdam and Switzerland",London(2N) → Amsterdam(2N) → Paris(3N) → Zurich(3N) → Milan(1N) → Venice(1N) → Florence(1N),13 Nights / 14 Days,64975000,https://www.holidify.com/images/compressed/dest_pixa_13339.jpg,France,3.3
409,Beautiful Paris and Switzerland Tour for 7 Nights,Paris(2N) →  Interlaken(2N) →  Lucerne(2N) →  Zurich(1N),7 Nights / 8 Days,25425000,https://www.holidify.com/images/cmsuploads/compressed/Interlaken_20211028104440.jpg,France,3.4
410,Best of Western Europe in 7 Days,Paris(2N) → Brussels(1N) → Amsterdam(1N) → Frankfurt(1N) → Zurich(2N),7 Nights / 8 Days,32500000,https://www.holidify.com/images/compressed/dest_pixa_17429.jpg,France,2.9
411,France Italy Switzerland Tour Packages,Paris(2N) → Zurich(3N) → Innsbruck(1N) → Venice(1N) → Florence(1N) → Rome(1N),9 Nights / 10 Days,31325000,https://www.tripcrafters.com/agent/trip_photos/innsbruck-tirol-202mg.jpg,France,4.4
412,18 Days Europe Tour Package,London(2N) → Paris(2N) → Brussels(0N) →  The Hague(1N) →  Amsterdam(0N) →  Cologne(1N) → Geneva(2N) → Lucerne(1N) → Innsbruck(1N) → Florence(2N) →  Vatican City(0N) → Barcelona(1N) → Valencia(1N) → Madrid(2N),17 Nights / 18 Days,76900000,https://www.holidify.com/images/compressed/dest_pixa_9904.jpg,France,2.6
413,15 Days Europe Tour Package,London(2N →  Amsterdam(2N) → Paris(3N) → Zurich(3N) → Innsbruck(1N) → Venice(1N) → Florence(1N) → Rome(1N),14 Nights / 15 Days,66775000,https://www.holidify.com/images/compressed/dest_pixa_24604.jpg,France,3.6
414,"10-Day European Delights: Paris, Nice, Milan, Zurich",Paris(3N) → Nice(3N) → Milan(2N) → Zurich(2N),10 Nights / 11 Days,38450000,https://www.holidify.com/images/cmsuploads/compressed/20_20230829112002.jpg,France,4.7
415,Grand Tour to Europe with Sightseeing Tours,Paris(2N) →  Amsterdam(2N) →  Berlin(1N) →  Prague(2N) →  Munich(1N) →  Zurich(2N),10 Nights / 11 Days,47775000,https://www.holidify.com/images/cmsuploads/compressed/prague-e1549285139261_20230426152329.jpg,France,2.2
416,10 Days Europe Tour Package with Cruise on the River Vltava,Budapest(2N) →  Vienna(2N) →  Prague(2N) →  Frankfurt(1N) →  Amsterdam(2N) →  Paris(2N),11 Nights / 12 Days,53425000,https://www.holidify.com/images/cmsuploads/compressed/Cruise-the-canals-of-Amsterdam_20230426200715.jpg,France,4.5
417,"Europe Tour Packages 5 Days - Paris, Brussels and Amsterdam",Paris(2N) → Brussels(1N) → Amsterdam(1N),4 Nights / 5 Days,15250000,https://www.holidify.com/images/compressed/dest_pixa_26497.jpg,France,2.5
418,Iconic Europe Holiday Package,Prague(2N) → Innsbruck(1N) → Zurich(2N) → Paris(3N),8 Nights / 9 Days,34600000,https://www.holidify.com/images/compressed/dest_wiki_12424.jpg,France,3.5
419,Honeymoon in Paris Switzerland and Italy Tour Package,Paris(3N) → Engelberg(2N) → Zurich(1N) → Chiasso(1N) → Florence(2N) → Rome(1N),10 Nights / 11 Days,57950000,https://www.holidify.com/images/cmsuploads/compressed/shutterstock751512469_20230620123859.jpg,France,3.7
420,European Honeymoon Extravaganza 15 Night 16 Days Package,London(2N) →  Paris(3N) → Amsterdam(2N) → Mannheim(1N) → Innsbruck(1N) → Padova(1N) → Rome(1N) → Pisa(1N) → Engelberg(2N) → Zurich(1N),15 Nights / 16 Days,82550000,https://www.holidify.com/images/cmsuploads/compressed/shutterstock397098226_20230620144016.jpg,France,2.7
421,Honeymoon in Western European Package,Rome(2N) → Venice(2N) → Lucerne(3N) → Zurich(1N) →  Paris(2N),10 Nights / 11 Days,56825000,https://www.holidify.com/images/cmsuploads/compressed/shutterstock2212977383_20230620144133.jpg,France,3.2
422,Gems of Europe Honeymoon Package,Amsterdam(2N) → Paris(2N) → Lucerne(3N) → Zurich(1) → Salzburg(2N) → Prague(3N),12 Nights / 13 Days,70675000,https://www.holidify.com/images/cmsuploads/compressed/shutterstock371401672_20230620152142.jpg,France,2.3
423,Romantic European Honeymoon:London to the Swiss Alps,London(3N) → Amsterdam(2N) → Brussels(1N) → Paris(3N) → Engelberg(2N) → Zurich(1N),12 Nights / 13 Days,71250000,https://www.holidify.com/images/cmsuploads/compressed/tourist-couple-eyewear-glasses-vision-care-hat-1634253-pxhere.com_20211021133944.jpg,France,5
